Id,Pescoço Front Vetor linha,Peito Front Vetor linha,Abdomen Front Vetor linha,Quadril Front Vetor linha,Coxa Front Vetor linha,Biceps Front Vetor Coluna,Pescoço Left Vetor linha,Peito Left Vetor linha,Abdomem Left Vetor linha,Quadril Left Vetor linha,Cintura Left Vetor linha,Coxa Left Vetor linha
syn_f000000-0-Pre,45.14714714714715,107.11411411411413,120.87687687687688,128.23123123123122,134.0,33.667667667667644,42.73873873873873,92.0,87.0,95.0,96.0,73.0
syn_f000002-3-Pre,62.12312312312315,122.38338338338338,128.0,131.0,147.0,41.0,48.0,102.0,93.87087087087087,108.0,100.79279279279274,87.54054054054052
syn_f000005-3-Pre,46.42942942942943,117.7057057057057,108.0,131.0,150.0,30.0,43.063063063063055,88.0,73.15015015015015,95.0,94.0,77.16216216216213
syn_f000006-0-Pre,49.82282282282284,104.0,126.0,136.0,133.0,38.0,46.0,87.05205205205203,87.39239239239242,99.0,87.0,65.0
syn_f000008-1-Pre,44.17417417417418,119.06606606606601,138.0,151.0,158.0,42.0,46.0,83.0,101.0,107.0,105.0,83.0
syn_f000017-2-Pre,46.27727727727728,104.24224224224224,113.07107107107106,129.95595595595597,143.0,36.0,46.09009009009009,81.02402402402402,78.0,85.0,84.0,72.0
syn_f000027-2-Pre,49.0,139.0,126.46046046046041,144.0,141.0,42.0,55.0,125.0,103.0,121.0,125.0,89.0
syn_f000035-3-Pre,46.0,124.00500500500502,113.42442442442442,125.0,147.58958958958954,40.0,50.0,99.0,82.0,104.0,103.58558558558559,85.0
syn_f000049-0-Pre,59.193193193193196,130.12112112112112,138.07107107107106,140.0,138.0,36.0,56.84084084084084,108.0,101.66466466466466,111.0,104.85885885885887,76.0
syn_f000064-2-Pre,50.756756756756744,122.81981981981983,118.36036036036037,127.0,139.0,40.0,52.01201201201201,105.13013013013014,93.98098098098097,113.0,114.0,81.0
syn_f000075-3-Pre,58.50350350350351,119.0,119.0,129.0,143.0,41.0,47.49249249249249,94.0,84.11311311311312,99.0,95.0,81.0
syn_f000077-2-Pre,65.67867867867866,116.0,128.0,133.5935935935936,145.0,37.0,48.0,98.0,90.23823823823824,103.0,94.59159159159151,83.0
syn_f000078-2-Pre,52.072072072072075,125.7057057057057,118.0,120.0,124.0,35.0,54.36336336336336,107.0,86.34134134134132,101.33233233233233,101.56456456456459,76.68468468468467
syn_f000086-3-Pre,65.991991991992,117.82682682682685,130.0,132.0,146.0,39.0,53.0,98.37037037037038,104.40740740740739,116.0,101.44444444444446,82.0
syn_f000088-3-Pre,48.90590590590594,123.08608608608608,114.20020020020019,129.0,133.0,38.21021021021019,49.0,102.79079079079077,85.82682682682682,107.64664664664664,112.0,80.0
syn_f000090-1-Pre,57.15115115115111,126.0,131.0,139.0,143.0,38.0,52.6906906906907,105.0,97.0,113.46746746746749,113.0,80.0
syn_f000101-0-Pre,50.30930930930927,103.93793793793793,125.0,145.0,142.8218218218218,36.88388388388387,48.0,81.10510510510511,93.56156156156155,97.8048048048048,89.09009009009009,69.48648648648651
syn_f000115-1-Pre,48.072072072072075,91.0,111.0,125.0,134.0,30.0,43.912912912912915,66.88988988988987,73.0,77.68068068068067,75.90390390390394,68.0
syn_f000118-1-Pre,46.13013013013013,130.0,124.53053053053054,138.0,149.0,41.0,48.807807807807805,105.08208208208208,94.30430430430431,107.0,110.0,83.0
syn_f000138-3-Pre,39.0,107.16016016016019,79.0,103.0,120.0,33.0,42.02702702702702,82.0,54.918918918918905,72.0,81.0,72.0
syn_f000143-1-Pre,45.01301301301302,116.0,117.52652652652654,130.0,138.0,35.0,53.21321321321322,96.47647647647648,79.0,96.0,93.0,77.0
syn_f000153-0-Pre,51.30930930930933,117.0,124.0,128.0,125.0,35.0,42.01201201201201,97.0,93.98098098098097,98.0,94.0,69.12612612612611
syn_f000157-0-Pre,47.567567567567565,128.0,138.0,145.0,147.0,48.0,51.0,113.0,106.51051051051053,123.0,125.0,95.35135135135135
syn_f000164-3-Pre,52.26126126126124,127.81981981981983,126.0,131.0,147.0,41.0,50.0,100.0,92.0,107.0,104.6696696696697,78.0
syn_f000167-2-Pre,65.12612612612608,129.990990990991,126.07207207207205,138.0,147.0,40.0,48.234234234234236,96.46246246246247,89.74174174174175,103.0,95.39639639639637,76.54054054054052
syn_f000174-2-Pre,41.90990990990991,101.2072072072072,104.17117117117118,129.0,146.0,33.0,39.336336336336345,75.71271271271269,73.0,91.0,95.0,81.46846846846847
syn_f000184-1-Pre,47.46546546546544,116.0,111.0,119.5295295295295,125.0,36.0,51.0,104.0,73.0,85.0,90.0,71.0
syn_f000188-3-Pre,238.53153153153227,115.2072072072072,127.58558558558559,145.14414414414415,164.0,39.0,48.36336336336336,92.76976976976977,93.34134134134132,110.0,103.12912912912918,85.68468468468467
syn_f000218-2-Pre,44.18918918918919,104.2162162162162,113.0,122.0,133.0,31.0,47.888888888888886,86.0,81.0,94.0,91.0,74.0
syn_f000219-0-Pre,55.56656656656658,112.8008008008008,130.0,138.0,140.0,37.0,47.663663663663655,95.0,94.0,98.0,94.0,72.0
syn_f000220-2-Pre,48.0,133.0,121.1001001001001,135.0,143.0,45.0,62.333333333333314,112.0,100.0,119.0,114.66666666666663,82.0
syn_f000227-3-Pre,48.470470470470474,122.92392392392392,127.49749749749748,140.0,159.0,43.0,54.0,97.55755755755754,89.66466466466466,110.0,111.0,89.82882882882882
syn_f000250-1-Pre,46.41641641641641,117.0,131.0,139.0,141.0,36.0,47.0,101.0,91.55455455455456,103.0,100.09609609609606,75.0
syn_f000252-3-Pre,61.856856856856865,101.47047047047047,123.10410410410412,141.62562562562567,150.0,37.0,48.192192192192195,73.0,80.30430430430431,92.0,88.0,79.0
syn_f000282-3-Pre,55.995995995996,101.41341341341342,101.0,120.51751751751749,138.0,30.0,46.288288288288285,78.0,62.0,83.27627627627623,85.81981981981977,74.0
syn_f000289-2-Pre,48.412412412412436,123.0,117.8818818818819,131.0,145.0,40.0,50.0,102.0,88.38538538538538,109.0,109.0,84.0
syn_f000293-2-Pre,49.71471471471472,121.0,108.0,127.0,137.0,36.0,46.087087087087085,90.0,74.55455455455456,95.68068068068067,100.0,75.0
syn_f000314-0-Pre,45.0,110.93093093093094,120.94294294294292,134.0,140.0,36.10110110110111,49.0,97.0,86.11311311311312,96.86086086086084,93.0,70.82882882882882
syn_f000316-3-Pre,43.26926926926927,88.89589589589588,96.94394394394396,116.89389389389396,139.0,34.0,42.83483483483484,69.0,52.488488488488485,75.93893893893895,81.0,75.0
syn_f000318-3-Pre,46.538538538538546,143.0,119.94394394394396,132.05305305305302,145.0,45.0,53.82882882882882,103.0,98.02102102102106,118.1861861861862,121.99099099099101,87.64864864864865
syn_f000329-2-Pre,47.84884884884886,125.42542542542543,125.03803803803805,139.0,147.0,40.0,56.0,102.95695695695696,93.0,110.0,113.0,83.81981981981983
syn_f000337-3-Pre,43.77977977977977,125.26226226226225,95.83983983983984,115.0,122.0,35.0,59.14414414414415,88.0,66.88588588588587,77.26426426426423,86.0,72.0
syn_f000343-2-Pre,46.06406406406407,112.38538538538538,93.0,99.0,121.0,33.25825825825828,51.58558558558559,80.1021021021021,69.0,81.90390390390391,83.80180180180179,69.0
syn_f000345-2-Pre,43.9129129129129,108.0,110.26626626626626,128.00200200200197,144.0,39.0,46.0,82.0,65.48848848848849,85.0,85.56156156156158,74.0
syn_f000346-2-Pre,43.0,123.78678678678679,112.03903903903904,130.0,138.0,39.0,50.66666666666666,105.0,84.55555555555554,101.44444444444446,108.0,84.0
syn_f000379-2-Pre,57.667667667667644,120.0,129.17517517517513,131.0,139.0,41.0,54.0,99.26426426426426,97.06906906906906,109.0,99.0,79.0
syn_f000382-2-Pre,40.0,114.31131131131133,102.1991991991992,121.0,137.0,35.0,46.0,85.0,75.98098098098097,93.0,91.84084084084083,73.0
syn_f000389-1-Pre,43.80780780780782,107.89589589589588,107.97197197197198,121.0,133.0,33.0,45.16516516516516,84.0,77.0,90.0,94.0,75.23423423423424
syn_f000389-2-Pre,46.80780780780782,108.79179179179175,104.97197197197198,119.0,134.0,34.0,46.83483483483484,84.0,75.0,91.0,95.0,75.23423423423424
syn_f000398-0-Pre,47.81981981981983,131.6036036036036,153.0,158.0,159.0,45.0,51.76276276276276,111.59659659659661,112.0,121.86986986986989,111.60660660660659,85.0
syn_f000402-3-Pre,45.0,129.2022022022022,110.74674674674677,132.0,150.0,40.0,55.34234234234235,102.0,81.63863863863861,111.0,108.0,81.0
syn_f000407-1-Pre,46.0,97.0,96.0,112.72672672672672,124.0,29.0,40.0,73.0,63.12812812812814,72.0,75.0,64.0
syn_f000409-3-Pre,48.65665665665665,115.0,115.48848848848849,134.78178178178177,149.2082082082082,39.0,51.0,89.0,87.9149149149149,105.0,100.50150150150148,87.0
syn_f000427-0-Pre,37.713713713713716,100.88188188188187,100.58358358358359,120.0,126.31431431431429,31.0,47.0,80.0,71.61361361361361,82.29829829829828,85.75975975975979,62.03603603603608
syn_f000432-3-Pre,50.2942942942943,132.0,127.75375375375376,147.0,166.6426426426426,46.0,54.0,115.0,94.00300300300299,122.0,119.0,93.75675675675677
syn_f000438-0-Pre,43.0,106.0,117.17517517517513,132.0,136.35335335335344,32.0,42.141141141141134,85.0,77.0,88.81581581581582,91.87987987987992,67.0
syn_f000439-3-Pre,53.3513513513513,133.990990990991,121.0,131.0,147.0,43.607607607607605,52.132132132132114,114.0,91.0,114.0,111.75075075075074,85.0
syn_f000449-0-Pre,42.5945945945946,104.0,110.0,123.64864864864865,132.0,33.33033033033033,46.0,88.0,82.0,91.97297297297297,88.0,69.51351351351349
syn_f000464-3-Pre,60.8258258258258,142.49449449449452,134.0,137.0,145.0,43.0,57.0,112.0,104.29729729729729,122.83783783783784,125.0,82.0
syn_f000468-1-Pre,44.14714714714715,108.11411411411413,120.75375375375376,132.0,148.0,36.0,44.0,87.07707707707709,73.0,91.0,89.26726726726724,78.0
syn_f000470-0-Pre,45.0,117.0,122.0,133.0,146.0,39.33033033033033,54.783783783783804,95.0,90.0,104.62462462462463,104.2882882882883,82.0
syn_f000495-1-Pre,60.024024024024015,114.80780780780782,123.1021021021021,128.0,132.0,35.0,47.61261261261262,92.30330330330332,93.0,99.0,92.0,79.0
syn_f000503-1-Pre,37.0,92.0,110.0,120.72672672672672,129.0,31.0,39.58558558558559,80.82282282282281,66.02102102102106,80.1861861861862,83.99099099099101,69.0
syn_f000504-2-Pre,45.810810810810835,113.52252252252251,114.90990990990994,128.0,141.0,35.0,49.0,87.85085085085083,73.26026026026028,89.0,87.0,70.0
syn_f000505-2-Pre,51.23123123123125,138.0,137.0,138.0,146.0,41.0,56.90990990990991,119.0,105.64264264264264,121.0,115.61261261261257,81.0
syn_f000512-0-Pre,46.286286286286284,109.76376376376373,109.58358358358359,123.49749749749753,128.0,29.0,42.0,87.0,70.0,83.0,82.7717717717718,68.76576576576576
syn_f000520-2-Pre,44.0,115.21421421421422,114.68268268268267,126.50650650650653,139.0,40.0,51.92492492492494,98.01001001001003,88.0,103.0,103.62762762762765,79.0
syn_f000523-1-Pre,55.05805805805811,108.0,115.49349349349353,129.0,133.0,35.0,47.486486486486484,94.0,79.0,92.0,90.0,66.89189189189187
syn_f000535-2-Pre,61.07507507507505,107.66466466466471,120.78178178178177,129.0,143.0,38.0,51.0,93.33133133133134,92.0,107.0,105.4744744744745,85.0
syn_f000549-3-Pre,47.995995995996,128.0,122.45745745745745,134.0,148.0,44.0,52.73873873873873,106.0,96.00300300300299,117.0,118.7117117117117,87.0
syn_f000559-2-Pre,52.74774774774778,136.0,144.81981981981988,145.0,155.0,45.0,51.141141141141134,114.0,116.0,128.0,117.87987987987992,86.0
syn_f000559-3-Pre,56.344344344344336,140.44644644644643,143.0,143.3733733733734,158.0,45.5975975975976,52.0,114.0,115.47347347347346,129.0,118.0,89.0
syn_f000564-0-Pre,43.0,128.0,127.0,147.0,155.0,41.0,51.0,111.55755755755754,98.0,105.91691691691693,105.0,81.0
syn_f000564-2-Pre,44.086086086086084,132.0,121.0,144.0,157.0,43.0,52.3093093093093,112.0,92.0,106.46746746746749,107.0,81.0
syn_f000567-1-Pre,47.8048048048048,134.0,130.30630630630628,158.97897897897894,171.0,51.0,57.01201201201201,121.0,113.01901901901903,130.3773773773774,132.15915915915917,98.37837837837833
syn_f000578-2-Pre,269.56356356356355,149.0,162.4314314314314,165.0,171.0,54.41441441441444,64.39039039039038,129.0,136.45145145145145,149.0,128.65465465465468,98.90090090090092
syn_f000579-2-Pre,40.45945945945945,108.37837837837836,87.48648648648651,102.0,112.0,30.86086086086084,42.91891891891892,76.0,70.0,83.0,86.0,64.0
syn_f000581-2-Pre,50.69769769769772,113.0,123.03803803803805,133.0,140.44244244244243,35.0,47.26126126126127,83.66366366366367,81.00300300300299,96.0,88.0,71.0
syn_f000584-2-Pre,59.93993993993995,108.0,108.0,116.25425425425425,127.3343343343343,31.0,41.18618618618619,83.64964964964963,72.25625625625628,78.98398398398399,76.0,61.0
syn_f000608-0-Pre,45.0,121.0,121.0,133.27327327327328,135.0,34.0,56.663663663663655,106.64364364364366,96.46746746746746,104.0,101.54354354354354,77.0
syn_f000615-0-Pre,59.70570570570571,106.92392392392392,116.74874874874874,128.84584584584587,134.0,34.0,50.0,89.0,82.0,89.08308308308307,86.0,69.0
syn_f000625-3-Pre,56.71471471471472,112.7057057057057,112.84384384384387,120.0,131.0,33.0,48.912912912912915,83.77977977977974,82.55455455455456,90.0,86.0,70.41441441441441
syn_f000642-1-Pre,45.5955955955956,91.0,119.2032032032032,136.0,145.0,48.0,39.89789789789789,59.0,66.67167167167167,80.0,84.14714714714711,69.0
syn_f000647-2-Pre,48.97897897897897,117.42042042042041,117.0,127.0,137.47447447447445,33.63163163163165,50.21021021021021,94.0,87.83383383383386,105.77077077077081,107.0,76.0
syn_f000653-3-Pre,47.435435435435465,114.0,97.00200200200203,113.0,133.0,35.0,43.37237237237237,82.0,60.077077077077064,80.0,85.0,71.0
syn_f000658-0-Pre,46.30930930930933,110.2092092092092,126.0,144.0,143.0,37.0,42.0,90.01001001001003,88.0,91.0,93.0,77.0
syn_f000658-2-Pre,54.51351351351349,112.90990990990991,124.0,140.79279279279285,149.61261261261262,39.0,44.0,92.0,85.76776776776774,94.0,95.0,82.0
syn_f000672-1-Pre,269.6636636636638,124.23023023023023,142.0,150.0,153.0,43.0,50.0,109.24924924924926,104.70870870870871,119.0,109.96396396396398,89.0
syn_f000698-1-Pre,44.18118118118119,119.0,125.20020020020019,128.0,134.05905905905905,34.0,48.66666666666666,96.22222222222223,95.44444444444446,107.44444444444446,104.0,71.0
syn_f000701-2-Pre,42.0,106.0,101.13813813813817,127.3093093093093,148.0,35.0,46.0,83.82282282282281,68.51051051051053,87.0,86.0,76.0
syn_f000708-3-Pre,47.831831831831835,134.72672672672672,128.42642642642645,139.0,163.59159159159157,46.0,55.0,108.0,94.18218218218215,120.0,110.92192192192192,100.0
syn_f000720-0-Pre,46.0,124.0,130.77977977977977,144.0,155.0,39.0,52.0,105.0,90.0,109.0,113.6906906906907,83.39639639639637
syn_f000738-2-Pre,58.30330330330324,124.31131131131133,134.0,138.0,147.0,40.0,50.0,106.0,92.19419419419421,110.0,107.6906906906907,82.0
syn_f000784-3-Pre,43.995995995996,130.41341341341342,103.9149149149149,125.0,136.10010010010012,36.0,48.111111111111114,102.0,73.0,93.07407407407408,97.0,70.0
syn_f000788-2-Pre,41.0,117.019019019019,103.62562562562567,125.0,142.0,33.0,46.0,88.0,76.04704704704704,92.11911911911909,96.81681681681681,76.0
syn_f000792-1-Pre,69.22722722722722,132.51551551551555,139.7157157157157,146.0,147.0,44.0,56.33933933933935,112.0,99.62062062062063,116.0,109.75375375375376,86.0
syn_f000793-3-Pre,42.16416416416416,116.1001001001001,102.48848848848849,120.0,139.0,33.0,48.0,90.0,75.0,90.2712712712713,92.49849849849852,73.0
syn_f000813-3-Pre,43.0,120.0,109.0,125.56156156156158,140.0,35.0,47.0,87.0,71.0,88.0,95.0,75.26126126126121
syn_f000830-0-Pre,46.0,120.0,112.0,124.0,130.0,34.0,49.07207207207205,98.0,87.51051051051053,96.1861861861862,99.99099099099101,79.0
syn_f000834-3-Pre,50.0,151.23023023023023,139.52352352352352,157.0,150.0,51.0,61.64264264264264,129.0,119.0,131.31031031031029,133.0,86.25225225225228
syn_f000865-0-Pre,42.0,109.0,123.52152152152149,136.45145145145142,139.69769769769772,36.0,44.46246246246247,99.0,92.0,100.029029029029,95.0,82.0
syn_f000866-3-Pre,59.072072072072075,111.4114114114114,113.84384384384387,124.56156156156158,142.0,32.0,47.0,86.0,80.36336336336336,93.0,88.0,77.0
syn_f000869-1-Pre,59.59459459459464,129.0,134.7837837837838,141.0,141.0,49.943943943943935,49.4024024024024,110.35935935935936,105.86286286286287,116.0,104.83183183183183,84.0
syn_f000870-0-Pre,46.44644644644649,94.0,116.74674674674677,130.0,137.0,35.0,41.81381381381381,75.0,85.0,98.98398398398399,95.033033033033,77.0
syn_f000872-0-Pre,47.0,109.0,121.0,135.0,139.0,36.246246246246244,61.42942942942943,99.0,86.7017017017017,101.0,100.96996996997001,78.50450450450455
syn_f000875-3-Pre,49.13513513513513,120.0,116.62162162162161,129.0,144.0,39.0,48.86486486486487,91.0,88.29729729729729,107.0,103.91891891891896,83.0
syn_f000876-3-Pre,46.0,139.0,121.4314314314314,141.0,156.0,48.0,57.882882882882924,108.0,83.8118118118118,112.0,117.0,98.0
syn_f000877-3-Pre,53.43043043043042,123.0,114.32932932932934,134.0,153.0,38.0,49.0,82.85085085085083,77.26026026026028,101.46746746746749,104.0,84.0
syn_f000883-0-Pre,51.9069069069069,111.0,132.94294294294292,149.0,148.33633633633633,40.0,44.90690690690691,77.15815815815816,91.0,98.0,91.5165165165165,73.0
syn_f000895-2-Pre,45.0,128.2092092092092,121.94094094094095,127.0,132.0,37.0,49.0,103.0,82.0,93.029029029029,93.62762762762765,71.0
syn_f000898-2-Pre,41.751751751751755,100.0,106.0,132.0,139.0,32.0,44.0,72.0,73.70870870870871,86.5885885885886,85.0,73.0
syn_f000903-0-Pre,102.0850850850859,140.0,156.0,156.0,151.0,40.31831831831832,53.0,124.52952952952953,123.0,136.36436436436435,125.50150150150148,87.0
syn_f000919-0-Pre,47.49649649649649,120.0,119.10110110110105,127.0,129.82482482482482,35.0,58.03903903903904,108.0,100.0,108.9049049049049,105.63363363363362,72.95495495495493
syn_f000931-3-Pre,41.504504504504496,112.0,106.72072072072075,125.39639639639643,141.0,39.655655655655664,47.0,88.13013013013014,68.98098098098097,91.3773773773774,94.0,75.87387387387389
syn_f000943-2-Pre,48.504504504504496,126.0,115.36036036036037,131.0,143.0,38.0,50.98798798798799,109.0,88.0,107.3773773773774,107.0,78.0
syn_f000944-0-Pre,40.0,101.50150150150151,115.32732732732731,126.0,130.0,33.0,44.663663663663655,83.35635635635634,73.0,80.56656656656656,80.0,69.0
syn_f000946-3-Pre,46.84884884884886,132.71271271271272,118.03803803803805,132.28628628628633,150.0,39.0,52.0,97.0,90.0,108.0,112.0,86.33333333333331
syn_f000954-2-Pre,53.92492492492491,144.0,131.0,144.0,145.0,42.0,57.726726726726724,114.0,104.0,117.0,120.0,83.0
syn_f000960-2-Pre,45.680680680680695,122.0,117.23223223223223,129.0,140.0,37.0,46.21021021021021,99.0,79.0,93.77077077077081,98.0,79.0
syn_f000978-3-Pre,49.575575575575556,98.64364364364366,121.49049049049049,130.4284284284284,149.0,36.0,44.54054054054055,80.14414414414412,88.71171171171176,100.0,92.83783783783781,77.0
syn_f000985-3-Pre,63.56556556556558,146.0,152.65365365365363,156.0,170.0,52.0,58.65465465465465,128.75875875875877,112.7967967967968,134.40040040040037,130.1741741741742,99.0
syn_f000995-0-Pre,43.78778778778778,115.0,119.49049049049049,134.0,138.0,31.390390390390365,48.0,102.85085085085083,97.0,108.0,104.0,70.0
syn_f000999-0-Pre,47.05905905905905,117.30430430430431,128.01001001000998,135.0,135.0,35.0,49.912912912912915,102.77977977977974,101.0,118.0,116.0,83.0
syn_f001002-0-Pre,67.48148148148145,125.62962962962968,140.0,139.0,141.0,40.0,52.0,112.0,116.62062062062063,126.0,117.75375375375376,86.0
syn_f001012-3-Pre,54.12612612612608,127.99099099099101,123.03603603603602,131.0,143.0,43.0,52.51651651651652,113.0,87.84884884884886,109.0,105.68768768768768,80.0
syn_f001044-2-Pre,49.51651651651652,137.0,118.65065065065062,128.0,137.0,40.0,57.3063063063063,120.0,96.21721721721721,111.0,118.0,91.0
syn_f001053-2-Pre,53.06906906906906,128.0,112.81181181181182,133.0,144.0,42.920920920920906,60.83783783783784,96.0,78.0,99.0,102.0,81.0
syn_f001070-2-Pre,45.0,118.71271271271272,124.0760760760761,132.28628628628633,141.0,38.0,50.111111111111114,98.0,87.81481481481478,106.0,96.0,79.0
syn_f001078-3-Pre,45.0,135.02602602602602,117.0,128.0,142.0,41.0,55.042042042042056,109.0,93.0,113.51251251251256,115.0,82.0
syn_f001083-0-Pre,46.43643643643642,116.93793793793793,126.0,143.29529529529532,157.0,44.81181181181182,46.006006006006004,98.3983983983984,88.0,101.0,107.0,87.0
syn_f001084-3-Pre,45.0,129.50850850850853,100.04304304304299,126.0,146.0,39.0,48.0,100.0,78.0,100.0,103.0,76.0
syn_f001089-3-Pre,48.0,139.58758758758762,119.7137137137137,135.4704704704705,135.90890890890887,46.0,65.01501501501501,116.004004004004,105.0,120.38838838838839,126.0,80.0
syn_f001091-0-Pre,45.5945945945946,116.0,119.0,125.0,128.0,35.0,53.66066066066065,101.0,88.0,96.0,94.0,75.0
syn_f001095-2-Pre,57.27727727727725,125.44844844844846,135.8568568568569,141.0,153.0,43.0,50.39639639639638,94.70570570570572,97.62762762762759,117.0,112.74774774774778,86.0
syn_f001097-0-Pre,50.29629629629629,122.0,133.0,139.0,141.0,36.390390390390365,47.63963963963964,100.90390390390391,97.4294294294294,107.0,104.0,80.7837837837838
syn_f001097-3-Pre,58.78378378378379,127.2162162162162,127.27027027027032,133.0,147.0,40.0,50.36036036036036,101.0,92.0,109.3213213213213,106.77477477477481,84.0
syn_f001109-1-Pre,46.76076076076076,137.0,145.16616616616616,151.0,158.0,46.0,51.0,119.0,108.74574574574572,124.0,118.07507507507512,88.73873873873879
syn_f001121-2-Pre,44.0,113.0,96.84184184184181,110.0,129.0,31.0,45.567567567567565,89.0,72.0,84.0,90.0,69.0
syn_f001130-0-Pre,44.0,123.0,119.0,146.49749749749753,153.0,41.0,45.567567567567565,106.0,96.0,101.0,106.72972972972974,84.45945945945942
syn_f001132-3-Pre,59.18518518518516,128.0,119.0,129.0,137.0,41.0,53.0,107.07707707707709,89.8118118118118,106.0,98.73273273273276,82.0
syn_f001149-0-Pre,52.44544544544544,128.0,143.7157157157157,153.0,155.0,42.0,48.0,106.0,102.0,116.77077077077081,119.28528528528528,85.0
syn_f001155-3-Pre,45.537537537537546,133.00300300300302,138.3273273273273,144.0,161.12312312312315,42.0,58.63963963963967,114.0,104.0,128.0,121.07507507507512,94.0
syn_f001172-0-Pre,44.88388388388387,115.0,129.13313313313313,135.0,136.54854854854858,36.0,48.0,102.40540540540542,93.29729729729729,105.0,95.45945945945948,70.0810810810811
syn_f001175-1-Pre,62.024024024024015,113.65365365365363,135.0,140.96496496496496,140.0,38.0,53.09609609609609,85.2922922922923,103.0,108.35235235235234,100.72672672672672,73.0
syn_f001176-1-Pre,46.25325325325326,92.0,105.0,123.0,136.0,30.58358358358359,42.0,68.23623623623624,69.3193193193193,89.0850850850851,84.0,72.0
syn_f001178-3-Pre,72.03903903903907,146.0,148.26326326326327,151.0,164.0,48.0,58.0,132.0,126.0,145.0,138.13813813813812,96.0
syn_f001180-0-Pre,43.17717717717716,103.0,118.00500500500499,135.0,133.0,35.0,44.0,83.0,81.0,95.23123123123122,97.0,72.0
syn_f001180-2-Pre,48.83283283283282,108.0,115.42442442442442,131.1781781781781,138.0,36.0,46.0,84.0,78.15015015015015,98.0,98.0,77.0
syn_f001181-1-Pre,42.346346346346365,95.79179179179175,107.97197197197198,125.94694694694698,142.0,30.0,40.0,69.0,68.48848848848849,78.0,79.0,70.23423423423424
syn_f001197-3-Pre,51.95895895895896,112.0,96.93893893893892,120.0,136.0,30.0,46.0,80.0,55.0,74.0,79.0,73.0
syn_f001214-1-Pre,48.0,139.0,143.2372372372372,156.0,159.0,45.0,57.510510510510514,124.0,116.02502502502503,137.87187187187186,136.0,100.36036036036035
syn_f001215-3-Pre,45.0,130.0,105.0,124.0,134.0,40.0,54.831831831831835,96.0,79.46646646646647,99.69169169169172,103.0,81.0
syn_f001225-2-Pre,60.32732732732734,112.72672672672672,125.42642642642645,137.47147147147155,146.0,37.0,44.141141141141134,92.970970970971,86.47347347347346,97.18418418418418,89.0,74.0
syn_f001228-1-Pre,43.015015015015024,122.0,130.0690690690691,138.0,141.0,39.05305305305305,52.34234234234235,107.0,96.3193193193193,112.0,102.0,80.0
syn_f001236-0-Pre,42.0,110.9169169169169,111.55455455455456,129.12112112112112,131.0,33.0,45.960960960960975,89.0,85.8118118118118,93.47647647647648,99.0,77.09009009009014
syn_f001240-0-Pre,44.0,112.0,116.0,131.0,141.0,38.282282282282296,48.513513513513516,101.0,90.0,103.88288288288288,102.0,79.0
syn_f001251-2-Pre,50.861861861861826,99.50850850850853,103.04304304304299,115.0,127.0,29.0,45.0,73.0,64.1721721721722,78.0,76.0,69.0
syn_f001274-0-Pre,45.0,126.0,125.55455455455456,137.12112112112112,137.1871871871872,37.0,50.0,103.61061061061059,88.0,102.0,100.0,81.0
syn_f001281-3-Pre,108.10510510510602,133.0,161.00700700700702,160.0,167.0,48.14914914914914,55.0,108.62462462462463,124.70870870870871,137.0,123.96396396396398,101.0
syn_f001285-3-Pre,49.04204204204204,146.0,133.39339339339338,149.0,150.8978978978979,46.0,56.06006006006005,120.0,108.23823823823824,125.0,127.0,87.6306306306306
syn_f001292-2-Pre,52.71371371371373,111.05905905905905,128.10410410410412,140.62562562562567,153.0,41.0,48.0,87.66266266266268,92.11311311311312,105.0,104.4744744744745,82.0
syn_f001305-0-Pre,76.24124124124137,94.76976976976977,126.52352352352352,140.0,135.0,38.0,42.0,72.62462462462463,85.0,87.0,87.96396396396398,66.0
syn_f001318-0-Pre,43.69969969969969,112.01201201201204,118.2372372372372,134.0,147.0,35.0,48.0,93.0,79.78978978978978,96.0,95.0,75.97297297297303
syn_f001324-3-Pre,64.08308308308307,138.83583583583584,145.0,146.87787787787784,158.0,44.0,52.54354354354355,103.27827827827826,105.88788788788793,126.0,114.0,88.20720720720726
syn_f001328-3-Pre,116.42242242242293,104.6016016016016,93.90790790790788,109.0,127.0,27.0,45.13513513513513,81.70270270270271,61.29729729729729,79.0,83.0,68.0
syn_f001346-3-Pre,45.01001001001001,119.46646646646647,99.35635635635634,112.0,130.0,37.0,56.321321321321335,100.0,80.90790790790788,102.0,108.0,75.0
syn_f001352-1-Pre,47.78578578578578,115.61761761761761,125.0,140.5935935935936,145.64464464464464,38.0,47.06006006006005,94.3173173173173,92.47647647647648,108.0,97.79579579579575,80.6306306306306
syn_f001365-1-Pre,49.2042042042042,120.61061061061062,137.77977977977977,149.0,161.07007007007007,41.0,49.18918918918919,104.56756756756755,100.0,120.97297297297297,122.0,95.0
syn_f001395-2-Pre,53.39539539539544,105.71271271271272,111.03803803803805,125.28628628628633,136.0,34.71571571571573,46.98798798798799,89.13013013013014,73.0,94.0,98.0,86.0
syn_f001398-0-Pre,54.2942942942943,127.0,128.87687687687688,146.0,149.0,42.0,53.36036036036036,105.09609609609609,107.4294294294294,118.0,124.0,87.7837837837838
syn_f001402-2-Pre,43.0,118.0,114.94794794794791,129.5935935935936,141.0,30.0,52.510510510510514,93.0,76.02502502502503,96.87187187187186,99.26426426426428,74.0
syn_f001404-0-Pre,40.0,110.0,123.29929929929932,133.0,133.0,32.0,46.13513513513513,94.70270270270271,83.0,93.0,90.45945945945948,70.0
syn_f001406-3-Pre,50.95395395395394,132.50850850850853,118.04304304304299,136.0,148.0,43.0,51.16216216216216,105.0,90.57657657657657,114.0,116.64864864864865,86.0
syn_f001417-0-Pre,46.0,128.2162162162162,130.0,148.0,155.0,42.0,51.21021021021021,111.0,109.0,122.0,125.0,90.20720720720715
syn_f001420-1-Pre,40.0,113.16516516516515,110.0,123.0,121.0,34.0,55.153153153153156,91.0,88.0,100.0,96.0,71.0
syn_f001443-3-Pre,51.15315315315313,106.24924924924926,108.33633633633633,116.0,131.0,35.0,47.0,82.0,73.0,87.0,86.0,69.25225225225228
syn_f001448-3-Pre,66.68568568568458,117.30430430430431,135.0,136.0,153.0,42.0,51.0,98.0,98.15015015015015,116.0,112.0,89.0
syn_f001454-1-Pre,47.0,119.81981981981983,120.72072072072075,129.39639639639643,134.0,38.0,50.0,101.0,78.15315315315314,89.07207207207205,87.0,70.0
syn_f001461-3-Pre,53.91591591591592,119.0,118.07107107107106,130.0,149.0,37.0,47.90990990990991,81.02402402402402,82.64264264264264,99.6696696696697,95.30630630630628,77.0
syn_f001464-0-Pre,45.10310310310311,118.41841841841841,140.8818818818819,146.0,149.0,38.31831831831832,46.0,98.0,96.0,110.72572572572574,106.0,78.39639639639637
syn_f001466-3-Pre,57.41341341341348,125.02602602602602,130.01401401401404,141.2632632632633,157.0,41.0,51.258258258258266,102.0,90.18218218218215,106.38638638638639,99.0,80.0
syn_f001491-2-Pre,44.0,119.18818818818818,108.35835835835837,127.0,139.0,40.5955955955956,47.0,100.0,76.0,95.54554554554554,94.0,83.1531531531532
syn_f001498-0-Pre,49.25225225225225,140.0,157.0,152.0,151.0,46.64364364364363,54.0,128.0,130.0,138.0,134.0,89.0
syn_f001500-2-Pre,50.24324324324323,132.13513513513513,125.45945945945942,143.0,155.0,42.0,55.6936936936937,111.0,100.34834834834837,117.45645645645646,117.55855855855856,87.0
syn_f001500-3-Pre,52.24324324324323,135.0,123.45945945945942,141.0,155.0810810810811,42.751751751751755,56.0,111.0,98.34834834834837,119.0,118.55855855855856,88.7837837837838
syn_f001506-0-Pre,46.0,140.0,149.0,148.0,146.0,42.0,57.46246246246247,125.01001001001003,124.0,132.0,128.0,87.0
syn_f001523-1-Pre,62.51351351351349,100.90990990990991,116.0,127.0,133.0,33.0,48.288288288288285,90.0,79.78978978978978,99.0,93.0,70.0
syn_f001527-2-Pre,43.0,129.0,124.0,133.0,145.0,38.0,50.663663663663655,104.0,98.0,112.43343343343344,108.0,79.0
syn_f001536-0-Pre,44.74374374374375,126.0,119.55455455455456,133.0,140.0,38.0,49.06006006006005,104.0,83.0,97.0,95.20420420420425,75.0
syn_f001541-3-Pre,48.995995995996,133.41341341341342,115.9149149149149,133.0,143.10010010010012,38.0,49.43843843843844,103.0,88.0,110.0,112.0,85.0
syn_f001546-3-Pre,49.72072072072072,100.0,98.0,110.4744744744745,132.0,34.0,45.615615615615624,79.16916916916918,72.27527527527528,90.0,86.0,73.0
syn_f001547-2-Pre,45.57057057057057,122.0,120.74974974974975,132.0,143.0,39.0,52.23123123123125,109.0,89.27527527527528,108.0,107.9069069069069,83.0
syn_f001550-0-Pre,68.85585585585589,112.52952952952953,123.0,134.0,132.0,35.0,48.192192192192195,85.91791791791792,91.0,97.0,92.45345345345345,69.0
syn_f001555-1-Pre,42.0,118.42042042042041,106.30330330330332,131.0,149.0,38.0,48.0,92.0,84.0,98.11911911911909,102.0,84.47747747747746
syn_f001593-3-Pre,64.75975975975976,103.07307307307303,107.29829829829833,119.35035035035037,131.0,42.0,48.54354354354355,87.27827827827826,79.0,92.0,84.04804804804803,69.79279279279274
syn_f001595-3-Pre,48.84884884884886,125.0,113.0760760760761,130.0,147.0,42.0,53.0,101.0,82.57957957957956,108.27627627627623,112.0,87.0
syn_f001605-2-Pre,78.22522522522524,139.0,158.009009009009,163.0,171.0,52.0,63.0,118.0,117.43643643643645,137.0,129.76876876876878,97.68468468468467
syn_f001619-0-Pre,47.89089089089089,116.51551551551555,119.7157157157157,133.17617617617617,139.0,32.787787787787806,45.18918918918919,88.0,89.0,98.97297297297297,97.24324324324323,78.51351351351349
syn_f001621-0-Pre,43.0,110.0,103.0,131.0,137.0,31.0,42.0,83.0,63.0,74.07207207207205,81.35135135135135,72.70270270270271
syn_f001639-2-Pre,63.14214214214216,132.0,139.0,143.0,153.0,46.84784784784787,54.807807807807805,113.91791791791792,111.60860860860862,125.0,112.45345345345345,86.0
syn_f001645-0-Pre,44.73173173173174,101.0,111.64964964964966,128.0,131.0,32.0,44.43543543543544,90.1161161161161,83.0,92.0,85.48048048048048,67.0
syn_f001653-3-Pre,49.10110110110108,133.62262262262266,107.3983983983984,129.0,149.0,42.27227227227226,50.711711711711715,104.0,87.0,109.27627627627623,116.0,85.0
syn_f001666-3-Pre,44.689689689689686,107.0,88.0,107.0,125.0,30.0,44.0,73.9149149149149,56.97397397397398,71.0,71.16516516516515,64.0
syn_f001670-2-Pre,54.993993993993996,100.41341341341342,109.45745745745745,124.51751751751749,143.0,32.0,43.0,75.0,68.0,84.62462462462463,83.7117117117117,73.0
syn_f001671-1-Pre,48.0,128.98898898898904,130.13313313313313,138.0,144.0,42.0,54.3153153153153,116.58258258258257,102.0,117.4894894894895,118.9279279279279,84.0
syn_f001672-1-Pre,48.0,128.01001001001003,127.84884884884883,143.08908908908904,153.0,46.0,53.61261261261262,116.0,96.72672672672672,113.57957957957956,114.11711711711712,90.0
syn_f001674-2-Pre,66.29329329329329,124.73373373373371,133.62062062062063,131.46046046046047,144.0,41.77577577577577,49.09309309309309,103.0,93.0,107.0,104.5165165165165,84.0
syn_f001678-3-Pre,44.032032032032035,131.0,126.6806806806807,132.14014014014015,139.3983983983984,42.0,48.0,103.0,93.42242242242244,111.0,114.0,84.0
syn_f001683-0-Pre,51.26126126126124,106.90990990990991,134.0,142.0,137.0,35.0,43.13813813813813,90.0,97.38538538538538,101.0,97.0,79.54954954954957
syn_f001684-3-Pre,57.15315315315313,124.0,124.33633633633633,136.0,147.0,42.0,50.141141141141134,99.0,92.47347347347346,117.81581581581582,121.0,87.01801801801804
syn_f001709-2-Pre,59.57157157157155,115.0,130.97397397397395,144.0,156.0,41.0,48.63963963963964,100.0,92.0,113.0,108.77477477477481,83.0
syn_f001711-1-Pre,57.88888888888887,122.0,132.0,133.0,133.0,36.0,52.888888888888886,105.0,106.0,115.0,105.22222222222223,72.0
syn_f001713-2-Pre,55.378378378378386,128.0,135.0,137.0,143.72972972972968,36.0,52.0,109.0,101.0,112.0,103.0,77.0
syn_f001715-0-Pre,39.0,101.0,107.0,126.44244244244243,142.0,32.0,48.972972972972954,76.96396396396392,73.01801801801804,90.74774774774778,92.72972972972974,82.0
syn_f001717-0-Pre,38.0,101.0,115.35835835835837,129.74974974974975,138.0,34.17417417417417,39.51651651651652,90.0,79.84884884884886,97.8938938938939,94.84384384384384,80.0
syn_f001718-1-Pre,44.25325325325326,87.8008008008008,97.81581581581577,115.0,121.0,27.0,43.58558558558559,71.0,62.51051051051053,73.0,76.0,64.0
syn_f001724-1-Pre,54.667667667667644,122.32532532532534,128.0,128.0,131.0,35.799799799799786,50.0,102.0,86.26026026026028,94.0,87.34834834834834,65.0
syn_f001731-2-Pre,44.85885885885885,109.64564564564566,106.0,125.49249249249249,145.0,41.0,47.0,84.0,73.0,93.0,93.1741741741742,82.0
syn_f001737-3-Pre,44.83883883883884,127.55955955955955,90.65065065065062,114.0,127.05805805805807,35.0,45.0,87.0,71.0,90.05105105105105,95.0,71.0
syn_f001745-3-Pre,47.36036036036036,105.39039039039034,114.0,132.4744744744745,157.0,36.0,43.0,76.87587587587589,64.67967967967965,89.04004004004003,92.58258258258257,85.61261261261257
syn_f001774-0-Pre,42.0,97.0,101.0,117.0,122.07007007007007,25.0,47.711711711711715,74.54354354354356,74.0,80.27627627627623,79.0,60.0
syn_f001782-3-Pre,49.20120120120119,123.96796796796798,129.0,137.9149149149149,148.0,43.0,58.900900900900936,98.80880880880883,98.27127127127125,119.0,114.31231231231232,93.0
syn_f001805-0-Pre,41.0,114.18818818818818,102.35835835835837,115.0,125.0,30.0,45.66666666666666,82.0,75.44444444444446,85.44444444444446,88.0,66.0
syn_f001808-3-Pre,45.0,119.997997997998,115.2302302302302,130.36436436436435,153.0,39.0,48.0,94.70270270270271,81.0,103.0,105.0,86.0
syn_f001840-3-Pre,45.52352352352352,129.3923923923924,109.74974974974975,131.0,147.0,42.0,51.765765765765764,97.46246246246247,77.0,102.28228228228227,110.0,82.0
syn_f001862-3-Pre,54.51451451451453,124.18818818818818,125.0,124.0,135.0,38.0,53.0,105.0,96.0,106.0,97.8648648648649,73.0
syn_f001863-0-Pre,49.66566566566567,145.0,160.39539539539544,173.0,176.28328328328325,51.0,53.1951951951952,128.0,120.0,138.95095095095098,133.0,100.0
syn_f001866-3-Pre,47.01301301301302,120.4064064064064,110.26326326326327,130.0,145.0,39.982982982983,49.912912912912915,92.88988988988987,76.10910910910911,92.68068068068067,93.0,80.0
syn_f001869-1-Pre,45.0,124.20220220220219,128.74674674674677,144.0,149.0,40.00500500500502,59.32732732732731,110.0,97.46746746746746,112.0,110.54354354354354,81.0
syn_f001872-2-Pre,56.06706706706706,139.32532532532534,138.17517517517513,148.0,153.67667667667672,44.0,53.7087087087087,117.0,100.87787787787789,114.26526526526527,116.3903903903904,82.0
syn_f001884-2-Pre,59.134134134134115,108.32532532532534,113.58758758758756,129.58158158158153,137.0,34.0,50.0,93.0,75.2822822822823,89.0,86.90090090090087,72.0
syn_f001885-2-Pre,45.43343343343341,121.995995995996,105.2302302302302,135.0,154.0,37.0,48.26426426426427,94.0,77.0,99.63563563563565,109.0,86.0
syn_f001890-3-Pre,53.12612612612608,120.99099099099101,113.0,117.0,129.0,37.0,50.0,97.75575575575576,83.46646646646647,97.69169169169172,93.0,77.0
syn_f001899-3-Pre,61.02102102102104,122.0,131.0,139.0,150.0,40.0,52.0,101.0,95.64264264264264,106.0,92.61261261261257,75.94594594594594
syn_f001900-3-Pre,48.758758758758745,114.15815815815813,87.90590590590591,111.0,132.0,36.0,46.0,92.0,72.0,88.30430430430431,98.0,80.0
syn_f001909-1-Pre,61.07507507507505,110.33233233233236,121.0,128.51551551551552,135.0,43.0,47.0,94.15815815815816,85.0,99.65865865865868,98.0,79.0
syn_f001935-1-Pre,44.0,113.0,118.56356356356355,131.0,144.0,34.77577577577577,46.0,78.74474474474474,77.0,93.0,94.50450450450455,78.0
syn_f001937-0-Pre,42.0,105.69869869869868,97.29929929929932,113.0,123.0,27.0,40.71471471471472,84.40940940940942,67.0,77.28728728728726,79.0,72.0
syn_f001941-1-Pre,48.20720720720722,118.23723723723722,137.43543543543547,146.0,149.0,37.0,49.0,90.8118118118118,94.0,108.0,104.0,82.0
syn_f001957-0-Pre,72.952952952953,100.1991991991992,115.90790790790788,131.0,136.0,31.0,38.885885885885884,69.23623623623624,70.3193193193193,80.0,89.0,77.0
syn_f001960-2-Pre,48.59259259259258,95.81481481481484,106.59259259259255,127.0,146.0,33.0,44.0,71.78378378378378,63.43243243243245,82.97297297297297,87.24324324324323,72.48648648648651
syn_f001962-1-Pre,45.05205205205205,130.25125125125123,129.1061061061061,138.0,145.6026026026026,37.26926926926927,48.153153153153156,101.0,94.84084084084083,108.89489489489489,107.55855855855862,79.0
syn_f001985-0-Pre,47.026026026026045,117.0,129.0,131.0,134.0,38.99299299299298,45.0,94.88988988988987,86.0,100.31931931931933,96.09609609609606,81.0
syn_f001989-0-Pre,47.015015015015024,116.0,114.13813813813817,122.0,123.0,34.0,45.0,84.0,79.9149149149149,89.36436436436435,90.0,73.0
syn_f001989-1-Pre,48.015015015015024,118.79879879879877,112.06906906906909,120.0,124.0,35.0,46.0,84.0,77.0,89.0,91.50150150150148,74.0
syn_f001989-2-Pre,49.16416416416416,121.1001001001001,109.97697697697697,118.0,126.0,36.0,46.26426426426427,85.0,74.0,90.0,92.0,75.0
syn_f001990-3-Pre,57.46946946946946,131.0,139.0,139.0,150.0,39.0,55.006006006006004,103.0,100.15715715715714,119.0,112.0,84.93693693693695
syn_f001994-0-Pre,52.570570570570595,114.52952952952953,135.10410410410412,143.0,143.0,41.0,49.0,98.0,94.0,106.75975975975979,100.0,77.0
syn_f002000-3-Pre,43.84884884884886,119.71271271271272,94.0760760760761,110.0,123.0,31.0,46.01201201201201,86.0,60.0,76.3773773773774,82.15915915915917,72.0
syn_f002003-2-Pre,52.36636636636635,118.44844844844846,123.42842842842845,128.0,138.0,47.0,47.0,86.0,79.22322322322321,92.0,92.0,76.0
syn_f002007-0-Pre,43.2942942942943,127.0,133.75375375375376,147.0,148.0,41.0,48.960960960960975,107.0,96.0,112.0,109.73273273273276,83.09009009009014
syn_f002014-3-Pre,45.0,141.59459459459458,104.62162162162161,115.0,129.0,39.95695695695696,62.14414414414415,103.0,85.0,107.0,106.0,81.0
syn_f002017-1-Pre,44.072072072072075,88.7057057057057,94.68768768768774,108.0,120.0,24.932932932932943,40.0,65.47647647647648,59.0,70.21821821821823,74.0,62.0
syn_f002033-2-Pre,46.995995995996,129.0,128.45745745745745,139.0,148.0,40.017017017017,47.0,109.0,100.4294294294294,118.3213213213213,110.0,86.7837837837838
syn_f002041-2-Pre,46.81981981981983,127.0,112.17117117117118,121.0,131.0,38.0,51.0,96.0,83.68268268268264,99.0,100.0,73.0
syn_f002051-2-Pre,56.134134134134115,126.65065065065068,132.0,137.79079079079077,142.0,39.0,54.2912912912913,103.0,100.87787787787789,115.0,104.78078078078079,79.0
syn_f002116-2-Pre,65.52452452452451,132.6856856856857,134.0,139.0,146.0,39.0,53.0,108.34534534534532,97.0,114.0,107.0,78.0
syn_f002117-1-Pre,48.78378378378379,104.2162162162162,119.27027027027032,135.64864864864865,141.72972972972968,37.0,42.18918918918919,90.0,74.21621621621622,92.0,93.0,80.0
syn_f002123-0-Pre,48.32132132132131,99.0,123.0,133.8048048048048,134.0,38.0,41.0,87.0,88.44444444444446,100.0,92.33333333333331,76.0
syn_f002134-3-Pre,55.45345345345345,134.86186186186188,131.0,135.0,145.66366366366367,43.0,51.0,106.62462462462463,98.0,116.0,115.0,87.0
syn_f002142-1-Pre,44.538538538538546,117.0,130.97197197197198,131.94694694694698,136.0,38.655655655655664,48.42942942942943,102.40940940940942,105.0,115.0,102.0,81.0
syn_f002142-2-Pre,125.75475475475349,118.59659659659658,129.39139139139138,130.0,139.0,40.0,48.71471471471472,101.40940940940942,105.7017017017017,116.28728728728726,102.96996996997001,83.0
syn_f002143-1-Pre,41.49349349349349,96.4064064064064,105.52652652652654,119.0,128.3253253253253,30.0,44.063063063063055,77.18318318318316,62.150150150150154,75.23123123123122,81.0,67.16216216216213
syn_f002152-1-Pre,48.74774774774778,109.04504504504501,127.0,136.0,141.0,38.0,46.858858858858866,90.970970970971,82.47347347347346,90.0,87.0,67.0
syn_f002173-3-Pre,42.30030030030031,119.01201201201204,102.6186186186186,119.0,137.0,33.0,49.0,92.0,66.38838838838842,91.0,90.0,76.0
syn_f002201-2-Pre,40.0,107.01201201201204,103.6186186186186,124.0,137.0,30.0,44.58858858858859,84.95695695695696,64.0,81.17517517517518,82.0,71.0
syn_f002202-1-Pre,46.07607607607608,121.2902902902903,112.0,127.0,135.0,40.90890890890893,50.0,100.0,87.0,96.0,92.8858858858859,77.11711711711712
syn_f002204-3-Pre,53.75975975975976,129.07307307307303,125.29829829829833,138.0,154.0,43.0,51.39339339339338,99.57157157157158,88.0,106.55755755755752,106.53753753753756,86.0
syn_f002219-0-Pre,41.0,101.0,93.45545545545548,114.0,127.0,32.559559559559574,44.53153153153153,87.0,72.0,80.0,85.60360360360363,76.54054054054052
syn_f002237-1-Pre,47.86586586586587,123.69869869869868,126.0,133.0,137.2932932932933,37.0,47.0,103.0,98.0,108.0,97.0,70.62162162162167
syn_f002238-1-Pre,41.26926926926927,111.0,110.97197197197198,130.0,146.0,36.0,48.33033033033033,88.0,79.0,96.0,99.0,83.0
syn_f002253-1-Pre,36.0,89.68468468468467,93.0,113.38738738738743,123.0,24.0,39.0,59.37737737737734,53.0,60.0,67.21921921921921,59.0
syn_f002270-2-Pre,44.25225225225225,122.0,113.72072072072075,128.0,137.0,37.0,45.6876876876877,95.0,82.0,100.47847847847851,105.27627627627623,77.0
syn_f002299-1-Pre,44.88888888888887,116.0,121.29629629629628,129.0,134.0,33.0,50.0,95.0,89.0,96.0,91.0,65.0
syn_f002300-2-Pre,52.34834834834837,118.033033033033,129.0,135.987987987988,143.70870870870868,44.0,49.0,94.0,97.0,103.0,90.0,72.0
syn_f002305-2-Pre,53.23123123123125,120.0,134.55455455455456,139.0,151.0,41.751751751751755,48.0,98.49049049049049,98.62062062062063,107.0,99.75375375375376,80.0
syn_f002306-1-Pre,53.024024024024015,122.80780780780782,114.0,115.0,123.0,35.0,49.53753753753753,101.0,87.0,101.0,95.62762762762765,72.0
syn_f002310-2-Pre,53.15015015015011,120.0,139.2302302302302,143.0,153.0,41.0,49.0,96.0,86.59459459459458,103.83783783783784,107.0,86.0
syn_f002320-2-Pre,46.126126126126124,114.31831831831832,120.39339339339338,124.0,137.0,38.0,47.21021021021021,97.0,81.83383383383386,98.0,97.0,80.20720720720715
syn_f002324-2-Pre,53.83883883883885,114.8898898898899,132.33133133133134,143.0,152.48548548548547,42.0,47.34534534534535,86.51751751751755,86.7967967967968,105.40040040040037,103.1741741741742,81.0
syn_f002346-0-Pre,88.32432432432435,111.0,140.13513513513516,149.0,153.0,38.113113113113116,52.0,95.3173173173173,101.0,109.77977977977974,98.79579579579575,80.0
syn_f002354-0-Pre,50.861861861861826,130.0,133.5215215215215,135.0,141.0,40.0,53.98798798798799,96.86986986986986,100.0,108.0,104.0,69.12612612612611
syn_f002355-3-Pre,56.995995995996,114.41341341341342,108.45745745745745,124.75875875875874,142.0,38.0,47.0,85.0,59.57957957957956,81.27627627627623,86.0,76.0
syn_f002374-0-Pre,51.8898898898899,122.0,140.0,143.93293293293294,145.0,35.0,48.0,103.15815815815816,90.73073073073073,100.0,97.0,79.52252252252254
syn_f002382-2-Pre,53.441441441441455,132.11411411411413,127.75375375375376,130.0,136.0,41.0,53.0,112.0,96.0,114.0,113.73273273273276,80.0
syn_f002388-1-Pre,39.0,109.0,99.13513513513516,116.64864864864865,128.0,28.0,47.960960960960975,83.0,63.81181181181179,73.47647647647648,76.0,60.0
syn_f002390-0-Pre,45.4014014014014,110.0,111.55955955955955,122.0,130.0,33.0,47.0,93.83683683683685,88.38538538538538,98.0,101.0,72.54954954954957
syn_f002390-3-Pre,51.10110110110108,121.31131131131133,104.1991991991992,116.0,134.0,36.0,50.0,94.0,80.0,99.0,105.0,75.0
syn_f002399-2-Pre,51.85885885885885,138.0,130.50150150150148,146.0,156.0,43.0,54.0,107.0,96.81881881881884,116.0,119.72672672672672,85.0
syn_f002405-0-Pre,47.38238238238239,126.0,145.0,148.0,148.0,42.0,53.0,102.55755755755754,110.0,118.08308308308307,114.0,78.0
syn_f002405-2-Pre,49.34034034034035,130.0,141.23223223223223,145.0,153.0,44.0,55.0,103.0,107.0,120.0,115.0,82.0
syn_f002414-2-Pre,47.2012012012012,124.90390390390388,121.5255255255255,137.0,151.0,48.0,49.0,101.0,81.84084084084083,105.0,105.0,88.0
syn_f002446-3-Pre,62.957957957957944,129.0,126.0,134.0,149.0,41.0,49.09009009009009,101.02402402402402,95.64264264264264,114.3303303303303,111.0,92.0
syn_f002454-1-Pre,51.86586586586587,136.0,117.0,144.0,152.0,44.392392392392395,59.663663663663655,121.0,113.46746746746746,118.0,128.0,103.0
syn_f002455-1-Pre,50.668668668668644,105.96796796796798,112.0,117.0,121.0,32.0,47.86786786786787,88.0,73.41841841841841,86.0,86.24924924924926,65.0
syn_f002472-2-Pre,58.2852852852853,109.05905905905905,123.10410410410412,134.0,146.0,37.0,48.49249249249249,90.33133133133134,77.11311311311312,90.86086086086084,89.0,72.0
syn_f002475-2-Pre,58.412412412412436,116.0,143.0,140.92392392392395,146.0,43.0,47.43843843843844,99.25025025025025,116.19419419419421,122.0,108.0,82.0
syn_f002478-2-Pre,44.0,114.0,103.29629629629628,125.0,139.0,33.0,47.0,92.0,77.40140140140139,94.0,95.20120120120117,74.18018018018017
syn_f002484-0-Pre,45.0,111.0,108.13113113113113,123.0,127.63263263263264,34.0,54.00900900900898,103.17617617617617,84.0,95.45545545545548,97.1231231231231,86.0
syn_f002489-1-Pre,63.514514514514445,138.82182182182183,141.98098098098097,147.0,153.0,43.0,53.6906906906907,123.0,109.0,127.0,123.34834834834834,86.0
syn_f002492-0-Pre,41.997997997998,102.0,110.9149149149149,135.0,148.0,36.0,37.43843843843844,79.25025025025025,69.19419419419421,88.0,92.6906906906907,79.39639639639637
syn_f002494-2-Pre,41.497497497497534,105.0,117.45545545545548,132.0,147.0,38.88488488488491,42.91591591591592,81.75575575575576,86.0,96.69169169169172,93.0,80.0
syn_f002510-3-Pre,42.0,130.0930930930931,100.5885885885886,131.0,146.36636636636638,39.0,51.3153153153153,96.0,79.91591591591589,101.978978978979,108.0,77.81081081081078
syn_f002515-1-Pre,41.84884884884886,113.0,127.03803803803805,140.0,147.0,37.0,43.0,91.0,91.0,105.82482482482482,98.40240240240234,83.0
syn_f002516-3-Pre,43.0,122.56656656656656,100.42242242242241,114.0,136.0,35.17417417417417,46.86786786786787,86.56856856856857,66.2092092092092,87.0,94.0,76.0
syn_f002522-2-Pre,47.34034034034035,101.7197197197197,108.46446446446447,119.01101101101102,124.0,31.0,45.90990990990991,74.97597597597598,81.64264264264264,89.0,88.0,71.0
syn_f002523-2-Pre,54.38738738738736,111.50150150150151,106.32732732732731,127.0,140.0,36.0,42.18618618618619,71.64964964964963,71.12812812812814,90.0,91.033033033033,79.0
syn_f002527-2-Pre,73.01801801801798,110.90990990990991,128.0,133.0,137.0,34.41441441441444,50.6876876876877,93.0,101.0,108.0,96.13813813813812,76.0
syn_f002528-1-Pre,45.0,134.0,129.0,138.0,144.0,45.0,48.81681681681681,113.0,102.04004004004005,120.99499499499501,118.82282282282279,91.0
syn_f002536-1-Pre,51.3123123123123,128.67167167167167,130.0,142.0,147.0,40.486486486486484,48.45645645645645,96.0,96.0,108.00700700700702,106.0,75.0
syn_f002558-2-Pre,54.41941941941943,124.0,135.0,139.0,143.0,43.0,51.0,101.0,95.0,105.0,97.1951951951952,76.72072072072075
syn_f002571-3-Pre,44.0,114.74974974974975,90.77877877877881,110.77277277277278,127.26026026026028,32.0,47.0,88.0,63.760760760760775,82.9049049049049,86.0,78.0
syn_f002573-2-Pre,51.75975975975976,117.0,133.29829829829833,142.0,153.0,37.49849849849849,51.006006006006004,92.0,91.0,103.35535535535536,95.57957957957962,80.06306306306305
syn_f002573-3-Pre,56.09109109109106,120.87587587587586,133.0,140.59059059059064,156.0,38.173173173173154,52.006006006006004,93.0,90.15715715715714,104.0,96.0,83.0
syn_f002596-2-Pre,45.0,119.82182182182183,129.4904904904905,139.4284284284284,152.0,39.0,46.24024024024024,90.0,88.0,100.0,96.81681681681681,86.0
syn_f002598-2-Pre,51.39539539539544,118.0,122.03803803803805,126.0,136.44244244244243,34.0,49.0,100.0,90.0,105.45145145145148,103.6906906906907,77.0
syn_f002601-0-Pre,45.71471471471472,112.0,106.0,119.56156156156158,129.0,30.0,41.087087087087085,91.88988988988987,79.55455455455456,89.0,92.09609609609606,69.58558558558559
syn_f002625-1-Pre,45.0,110.12112112112112,111.0,122.0,132.0,31.0,46.0,87.73073073073073,78.0,87.88088088088091,87.0,67.0
syn_f002631-1-Pre,46.969969969969966,110.73373373373371,126.24124124124126,134.0,145.0,36.0,49.0,95.0,85.92192192192195,100.75975975975979,100.49549549549545,74.0
syn_f002638-1-Pre,43.01001001001001,114.0,118.35635635635634,131.89689689689692,137.74974974974975,36.0,46.0,88.84784784784787,84.8598598598598,102.0,103.0600600600601,80.99099099099101
syn_f002654-0-Pre,41.0,108.0,128.0,139.0,145.0,31.0,43.0,84.0,84.11311311311312,91.0,90.0,69.82882882882882
syn_f002665-2-Pre,44.0,131.80780780780782,134.1021021021021,146.0,155.24024024024027,44.0,56.3123123123123,104.71671671671672,93.1721721721722,110.0,105.27627627627623,86.0
syn_f002668-0-Pre,47.43543543543544,126.0,130.00300300300302,135.0,130.7717717717718,36.61961961961961,54.13513513513513,103.98198198198196,100.0,104.0,100.27027027027026,72.0
syn_f002668-2-Pre,51.3383383383383,133.0,125.84484484484483,131.0,134.0,38.0,55.567567567567565,103.0,94.01801801801804,106.0,102.0,74.0
syn_f002682-1-Pre,52.664664664664656,144.0,146.87487487487488,146.4154154154154,143.0,48.0,57.630630630630606,119.58258258258257,116.0,129.0,126.0,92.0
syn_f002695-0-Pre,53.87087087087092,127.0,144.0,149.0,143.0,38.0,52.24324324324324,110.86486486486487,104.86486486486487,114.0,102.02702702702703,79.0
syn_f002727-1-Pre,39.0,105.71271271271272,95.0,116.0,129.0,32.0,44.13813813813813,77.0,60.385385385385376,72.65365365365358,75.3303303303303,64.0
syn_f002734-0-Pre,45.63863863863864,117.0,128.0,131.0,133.0,32.0,46.0,83.0,82.04704704704704,92.0,86.81681681681681,64.47747747747746
syn_f002740-2-Pre,39.0,106.93293293293294,81.71271271271269,99.0,109.0,30.0,55.5135135135135,75.978978978979,56.0,64.0,69.0,58.29729729729729
syn_f002753-2-Pre,48.3113113113113,129.1071071071071,131.36536536536534,131.0,139.0,37.0,46.53753753753753,107.0,88.76776776776774,107.0,100.0,78.0
syn_f002764-2-Pre,42.62662662662663,106.6016016016016,99.81581581581577,124.0,134.0,33.0,45.0,75.64964964964963,60.0,75.98398398398399,78.033033033033,67.04504504504501
syn_f002765-2-Pre,42.0,128.8338338338338,138.1091091091091,141.12112112112112,150.1871871871872,40.99299299299298,47.81081081081081,110.21621621621622,91.0,109.97297297297297,109.0,81.0
syn_f002769-2-Pre,47.063063063063055,134.5225225225225,130.90990990990994,139.0,148.0,44.0,55.009009009009006,112.0,101.93093093093094,119.36636636636638,122.0,86.0
syn_f002773-0-Pre,38.16416416416416,103.1001001001001,106.97697697697697,124.0,126.20820820820819,30.607607607607605,39.0,81.70270270270271,64.59459459459458,78.83783783783784,83.0,65.16216216216219
syn_f002781-0-Pre,43.90990990990991,119.0,131.17117117117118,143.0,145.0,41.0,50.0,116.0,99.0,111.98398398398399,114.0,85.04504504504501
syn_f002782-0-Pre,50.726726726726724,120.0,144.0,155.0,153.33633633633633,41.0,48.49249249249249,109.0,109.0,122.0,113.4744744744745,90.0
syn_f002784-3-Pre,44.758758758758745,125.0,103.81181181181182,117.0,128.0,36.0,49.06906906906906,94.0,74.97397397397398,93.0,97.0,71.0
syn_f002787-0-Pre,44.0,110.0,120.0,136.0,134.0,34.0,47.0,92.66366366366367,88.0,100.62462462462463,98.0,73.0
syn_f002798-3-Pre,75.96196196196198,128.0,146.84584584584584,150.0,158.0,45.46246246246247,56.0,108.91791791791792,105.30430430430431,117.03803803803805,101.45345345345345,86.98198198198196
syn_f002811-2-Pre,68.3963963963964,133.6576576576577,137.68468468468467,143.0,151.0,43.0,54.0,112.0,98.32632632632632,114.0,111.0,85.0
syn_f002811-3-Pre,68.11711711711712,138.0,135.36936936936934,141.0,153.0,44.0,56.0,112.45145145145145,97.65265265265265,115.0,111.00600600600598,87.0
syn_f002826-3-Pre,316.70470470470445,137.67167167167167,151.0,148.0,159.0,51.0,63.0,115.69169169169169,118.75275275275274,130.0,112.06906906906909,96.0
syn_f002831-1-Pre,44.0,113.0,114.0,125.75875875875874,133.0,35.0,47.0,98.0,86.59859859859861,101.0,99.20120120120117,75.0
syn_f002832-0-Pre,56.36536536536539,96.0,123.0,134.0,136.0,37.0,45.0,77.0910910910911,75.0,85.0,84.0,70.0
syn_f002835-2-Pre,55.41641641641641,107.01001001001003,109.84884884884883,123.0,138.0,37.0,47.0,89.59659659659661,85.0,101.13013013013011,103.0,78.0
syn_f002837-0-Pre,64.95495495495486,115.0,131.0,139.0,141.0,35.0,43.0,94.0,93.0,102.3773773773774,92.15915915915917,76.12612612612611
syn_f002848-3-Pre,49.0,136.8058058058058,133.33233233233233,143.0,160.0,46.0,54.36336336336336,107.0,97.65865865865868,123.0,127.56456456456459,92.0
syn_f002869-3-Pre,43.16416416416416,114.1001001001001,110.97697697697697,123.78178178178177,137.0,35.0,52.885885885885884,89.23623623623624,75.3193193193193,92.0850850850851,92.0,76.0
syn_f002873-3-Pre,43.5945945945946,108.43243243243239,86.27027027027032,113.29729729729729,136.0,32.0,46.489489489489486,86.0,58.02502502502503,78.0,86.0,79.63963963963965
syn_f002879-3-Pre,49.69969969969969,138.01201201201204,125.0,142.0,144.0,43.0,56.0,113.0,92.0,110.07407407407408,112.0,81.33333333333337
syn_f002903-2-Pre,41.686686686686684,127.6016016016016,127.0,134.0,148.0,39.0,53.44144144144143,105.64964964964963,96.12812812812814,112.0,102.033033033033,87.0
syn_f002935-0-Pre,50.72472472472475,100.17217217217217,108.20020020020019,123.0,130.0,30.0,41.0,71.0,78.0,83.54554554554554,80.31231231231232,60.306306306306396
syn_f002938-1-Pre,48.90990990990991,130.0,122.58558558558559,132.85585585585585,130.0,37.0,53.21321321321322,108.0,95.0,112.0,116.0,76.0
syn_f002943-0-Pre,52.412412412412436,113.2092092092092,122.94094094094095,136.92392392392395,140.0,38.0,47.0,93.42342342342343,88.0,102.92792792792795,102.0,78.0
syn_f002945-3-Pre,45.49249249249249,103.0,107.97697697697697,122.0,138.0,34.30630630630631,40.58558558558559,78.0,74.53153153153158,95.0,92.0,78.0
syn_f002955-1-Pre,44.76076076076076,115.9029029029029,104.33233233233233,126.0,139.0,36.0,46.0,82.0,77.49149149149144,91.0,97.0,76.0
syn_f002967-3-Pre,45.18518518518516,117.81481481481484,108.0,121.0,137.0,34.344344344344336,49.0,80.0,74.62062062062063,92.84484484484483,91.0,71.93693693693695
syn_f002987-3-Pre,64.65065065065063,117.12812812812814,123.0,141.68068068068067,154.0,38.0,47.89189189189189,95.0,99.0,110.0,100.0,86.0
syn_f002988-2-Pre,55.3813813813814,127.0930930930931,144.2942942942943,148.0,155.0,45.0,52.0,102.28928928928929,105.48848848848849,119.0,108.43843843843842,88.0
syn_f002997-0-Pre,46.52452452452451,119.0,127.14614614614607,136.3973973973974,139.11311311311312,36.0,48.645645645645644,93.0,97.0,105.29929929929926,104.0,69.0
syn_f003005-3-Pre,58.22622622622623,103.14214214214215,114.0,126.0,147.0,40.0,47.0,80.93193193193193,79.35835835835832,102.0,100.0,88.0
syn_f003040-3-Pre,54.961961961961975,137.0,126.69169169169169,137.2082082082082,151.0,41.0,51.957957957957944,98.21121121121121,94.8998998998999,115.0,110.94294294294292,84.0
syn_f003065-1-Pre,39.0,112.79379379379381,102.7137137137137,124.0,131.0,35.0,46.98198198198196,98.0,76.48848848848849,89.0,91.43843843843842,73.23423423423424
syn_f003067-2-Pre,60.41941941941943,102.8898898898899,117.0,125.02002002002001,136.0,42.84784784784787,52.0,88.0,81.0,92.0,85.1951951951952,69.0
syn_f003069-2-Pre,52.6906906906907,110.0930930930931,112.2942942942943,124.0,133.0,33.64364364364363,46.0,81.0,79.0,90.0,87.0,67.0
syn_f003087-1-Pre,53.32332332332332,154.0,160.62062062062063,167.0,171.0,52.4894894894895,58.3063063063063,133.0,122.34834834834837,141.54354354354354,134.11711711711712,100.0
syn_f003098-3-Pre,65.71371371371373,123.0,136.10410410410412,145.62562562562567,159.0,44.0,51.0,104.91791791791792,106.60860860860862,122.0,113.0,89.98198198198196
syn_f003106-2-Pre,43.74374374374375,127.0,123.10910910910911,135.0,140.0,41.0,48.0,101.0,95.0,109.22022022022026,98.79579579579575,75.0
syn_f003121-2-Pre,41.0,108.20220220220219,110.49349349349353,125.0,135.0,35.294294294294275,47.0,93.94294294294295,79.0,93.0,91.0,67.37837837837833
syn_f003124-1-Pre,54.71371371371373,122.0,141.0,151.0,156.0,44.0,51.09309309309309,98.15815815815816,106.73073073073073,123.0,115.5165165165165,84.0
syn_f003142-2-Pre,59.126126126126124,116.0,118.78678678678676,132.0,148.0,40.0,46.36036036036036,93.0,86.0,103.0,97.0,82.0
syn_f003144-3-Pre,64.5375375375375,103.0,127.0,144.0,149.0,36.0,47.0,85.67767767767765,92.75575575575579,101.0,98.3903903903904,87.0
syn_f003156-2-Pre,42.967967967967965,117.38538538538538,107.6806806806807,118.0,130.0,34.0,47.93393393393396,88.80880880880883,83.0,94.0,102.0,75.0
syn_f003156-3-Pre,43.18118118118119,123.0,105.20020020020019,116.0,132.0,35.0,47.96696696696698,88.80880880880883,80.63563563563562,95.0,102.31231231231232,76.0
syn_f003172-3-Pre,46.78778778778778,133.0,120.98098098098097,133.0,145.6106106106106,40.0,50.60960960960962,98.0,87.45145145145145,106.0,106.0,84.0
syn_f003184-2-Pre,51.57357357357358,120.019019019019,119.0,126.53853853853855,137.0,37.0,48.0,96.0,87.23823823823824,96.0,92.79579579579575,76.0
syn_f003189-1-Pre,45.291291291291316,106.17417417417417,112.96996996996998,128.0,138.0,33.0,44.81981981981981,91.38138138138137,76.95195195195197,90.0,89.0,77.0
syn_f003191-3-Pre,60.49849849849846,130.0,116.2372372372372,131.0,144.0,40.691691691691716,54.41141141141141,104.0,85.59859859859861,110.17517517517518,110.0,85.0
syn_f003205-1-Pre,49.519519519519534,113.4064064064064,109.0,133.0,142.0,37.0,48.063063063063055,91.0,78.0,97.23123123123122,99.41441441441441,82.0
syn_f003205-3-Pre,56.6226226226226,122.21421421421422,103.36536536536534,129.0,144.0,39.0,50.0,92.0,73.15015015015015,99.0,102.0,82.0
syn_f003207-2-Pre,42.0,106.90990990990991,90.72072072072075,115.0,132.0,28.0,46.0,73.0,60.57657657657657,78.0,85.0,70.0
syn_f003211-3-Pre,49.39039039039038,116.25625625625628,126.26526526526527,135.0,150.0,40.0,52.042042042042056,96.21121121121121,98.79979979979981,116.0,113.0,94.5585585585585
syn_f003214-0-Pre,43.02902902902903,110.0,106.13313313313313,124.0,128.0,37.0,47.0,90.0,80.0,88.59059059059058,92.0,81.0
syn_f003215-2-Pre,41.83583583583584,115.1001001001001,106.48848848848849,123.0,137.0,37.0,47.0,88.82282282282281,76.51051051051053,89.1861861861862,88.0,75.0
syn_f003221-2-Pre,44.03603603603604,121.0,132.46846846846847,151.0,161.0,38.0,51.744744744744736,105.93193193193193,97.17917917917916,119.60260260260259,112.0,85.0
syn_f003234-3-Pre,54.09209209209206,133.19319319319317,119.78278278278276,133.0,146.0,44.0,53.0,111.82282282282281,94.51051051051053,116.1861861861862,117.0,90.0
syn_f003237-2-Pre,43.97097097097097,112.49449449449452,100.26626626626626,113.0,121.0,34.0,44.0,89.0,66.16816816816822,81.4894894894895,87.0,67.0
syn_f003242-1-Pre,51.05005005005003,147.33233233233236,140.56356356356355,157.0,169.0,48.0,56.75675675675676,123.86486486486487,114.0,132.0,137.02702702702703,96.0
syn_f003242-2-Pre,54.100100100100065,148.0,137.78178178178177,155.0,171.0,48.85085085085086,57.75675675675676,123.0,111.13513513513513,133.0,138.02702702702703,97.0
syn_f003255-1-Pre,59.7077077077077,105.17917917917919,114.0,130.0,143.0,38.54754754754754,45.0,93.04904904904905,85.0,96.75775775775773,94.75075075075074,82.0
syn_f003262-2-Pre,43.0,111.96096096096096,101.0,113.0,126.60060060060056,33.0,54.318318318318305,94.0,67.0,83.0,86.0,73.3423423423423
syn_f003266-0-Pre,46.21021021021021,112.31831831831832,132.0,150.06606606606607,158.0,43.0,48.0,96.0,106.28528528528528,115.0,107.30630630630628,89.0
syn_f003270-2-Pre,46.76076076076076,110.9029029029029,109.16616616616616,120.67167167167167,131.0,30.0,42.81381381381381,91.0,69.12812812812814,78.01601601601601,76.0,65.0
syn_f003283-3-Pre,60.29329329329329,118.73373373373371,127.0,129.0,146.0,38.0,51.0,99.0,95.73073073073073,112.0,103.5165165165165,80.0
syn_f003288-3-Pre,45.856856856856865,118.05905905905905,119.0,128.62562562562567,151.0,34.05305305305305,48.0,86.0,78.49549549549548,92.0,85.0,73.13513513513516
syn_f003298-1-Pre,37.0,93.0,95.94394394394396,116.94694694694698,128.0,28.0,43.0,79.0,54.29729729729729,66.0,67.0,62.081081081081095
syn_f003301-1-Pre,46.0,118.0,142.55855855855856,152.0,153.5495495495495,48.0,57.0,111.013013013013,97.09809809809809,112.0,107.91591591591589,81.61261261261257
syn_f003308-0-Pre,41.0,113.9029029029029,126.33233233233233,139.0,141.03803803803805,39.67967967967968,41.0,95.0,87.15015015015015,102.23123123123122,99.0,80.16216216216213
syn_f003310-0-Pre,45.15515515515517,108.0,129.52352352352352,145.0,146.87887887887888,35.0,51.792792792792795,86.0,94.0,99.0,92.50450450450455,67.67567567567562
syn_f003319-2-Pre,48.255255255255236,101.19319319319317,103.78278278278276,117.4194194194194,133.0,31.0,41.0,79.995995995996,68.0,89.0,87.0,72.0
syn_f003331-3-Pre,67.16816816816817,122.31831831831832,115.39339339339338,130.06606606606607,152.0,42.0,50.09009009009009,107.0,83.64264264264264,108.6696696696697,105.0,88.0
syn_f003335-0-Pre,41.0,105.0,106.87487487487488,129.0,133.0,34.0,45.43243243243245,88.0,76.65765765765764,88.0,89.1351351351351,72.27027027027032
syn_f003339-2-Pre,47.59759759759761,115.69869869869868,113.0,125.0,140.0,38.0,48.69369369369369,92.1161161161161,83.0,96.26326326326324,93.0,77.0
syn_f003341-1-Pre,42.0,114.0,127.98098098098097,146.0,153.0,39.0,45.60960960960962,98.43743743743744,90.45145145145145,108.56856856856854,105.32732732732734,83.90090090090092
syn_f003356-0-Pre,48.04104104104103,111.0,124.0,138.0,142.0,37.30630630630631,47.912912912912915,97.88988988988987,98.55455455455456,109.68068068068067,108.0,79.0
syn_f003358-0-Pre,51.624624624624616,110.0,120.84884884884883,128.0,131.0,35.0,47.76276276276276,95.0,84.95895895895896,93.13013013013011,92.60660660660659,72.0
syn_f003366-2-Pre,49.0,137.0,138.1021021021021,141.0,140.0,39.607607607607605,61.0,117.0,109.0,125.0,121.15915915915917,75.0
syn_f003379-3-Pre,291.67067067067103,142.4184184184184,139.94094094094095,139.0,154.0,50.0,59.711711711711715,113.0,109.57957957957956,131.0,125.18018018018023,95.02702702702697
syn_f003409-1-Pre,48.047047047047045,118.3923923923924,112.74974974974975,131.0,137.0,36.0,48.0,88.0,84.0,96.40940940940942,97.0,75.0
syn_f003411-1-Pre,46.0,128.0,111.03603603603602,115.0,118.26126126126127,34.0,54.330330330330284,100.0,86.06206206206207,97.24224224224227,94.37537537537537,70.0
syn_f003414-2-Pre,42.0,121.50150150150151,122.0,126.0,133.0,37.36836836836835,51.02702702702703,97.0,94.93693693693695,110.0,104.0,72.0
syn_f003422-2-Pre,51.15315315315313,148.0,143.16816816816817,157.0,154.2192192192192,47.0,53.858858858858866,128.0,114.47347347347346,133.0,134.87987987987992,91.01801801801804
syn_f003425-3-Pre,45.328328328328325,112.20020020020019,97.48848848848849,108.0,122.79179179179181,29.0,46.0,88.64564564564563,62.0,78.0,78.99099099099101,64.0
syn_f003429-0-Pre,46.0,120.0,113.74674674674677,120.0,125.0,37.655655655655664,58.02702702702703,111.0,97.0,102.88288288288288,107.0,82.89189189189187
syn_f003430-3-Pre,64.41241241241244,135.2092092092092,127.94094094094095,136.07607607607605,147.0,39.0,55.0,111.0,97.0,116.0,114.0,86.45045045045043
syn_f003437-1-Pre,46.0,129.0,123.26126126126127,136.0,136.0,40.0,60.534534534534544,111.0,98.82682682682682,117.0,120.0,84.0
syn_f003448-0-Pre,52.59759759759761,107.69869869869868,121.29929929929932,142.0,152.0,35.35435435435434,42.0,80.82282282282281,84.51051051051053,101.1861861861862,103.0,82.35135135135135
syn_f003460-1-Pre,45.0,128.88888888888889,114.7777777777778,122.0,126.0,37.0,57.51651651651652,105.07107107107106,91.0,103.8938938938939,106.0,78.4234234234234
syn_f003462-3-Pre,47.5375375375375,116.24924924924926,103.16816816816817,122.0,141.0,39.0,52.3093093093093,94.0,70.52052052052056,92.0,95.0,77.0
syn_f003472-2-Pre,44.995995995996,122.41341341341342,124.45745745745745,139.0,147.0,41.0,47.0,101.0,90.21621621621622,108.0,103.0,86.0
syn_f003476-2-Pre,43.05605605605605,134.57557557557558,114.8088088088088,131.0,144.0,41.81281281281281,59.75675675675676,116.0,95.62162162162161,112.70270270270271,118.67567567567568,92.0
syn_f003478-1-Pre,56.57157157157155,108.61761761761761,132.9479479479479,146.0,153.0,37.0,48.0,87.49049049049049,88.0,105.0,100.0,83.0
syn_f003489-1-Pre,45.0,122.0,107.35835835835837,116.0,123.0,35.0,45.66666666666666,105.0,83.0,90.0,87.33333333333331,70.0
syn_f003499-2-Pre,52.751751751751755,133.63163163163165,143.36236236236238,146.0,154.0,49.0,51.0,113.0,110.70870870870871,128.4114114114114,126.0,92.0
syn_f003504-1-Pre,41.0,109.0,110.26126126126127,127.0,131.0,32.0,48.83483483483482,83.0,70.42242242242244,80.0,82.0,69.76576576576576
syn_f003505-0-Pre,46.0,125.0,124.0,143.0,135.0,44.0,53.864864864864884,103.0,99.0,110.0,111.0,89.0
syn_f003512-1-Pre,42.8048048048048,104.61561561561564,124.20420420420419,138.0,144.0,34.703703703703695,49.0,96.0,87.1721721721722,106.0,108.13813813813812,82.0
syn_f003529-2-Pre,47.024024024024015,106.0,132.0,139.0,151.0,41.0,47.0,94.0,98.0,112.0,102.74774774774778,85.0
syn_f003546-3-Pre,43.83883883883884,117.55955955955955,82.65065065065062,96.0,113.0,28.0,46.91891891891892,74.0,50.0,67.70270270270271,74.0,61.351351351351354
syn_f003547-3-Pre,38.83883883883884,109.77977977977977,89.65065065065062,105.0,120.0,27.0,48.318318318318305,80.0,68.99599599599603,87.49949949949948,86.0,65.0
syn_f003563-3-Pre,65.09409409409409,136.0,132.0,139.4154154154154,143.0,46.0,55.16516516516516,115.0,106.48848848848849,125.0,114.87687687687685,82.76576576576576
syn_f003568-2-Pre,44.191191191191194,125.0,114.81281281281284,128.0,141.0,38.0,51.0,105.0,77.0,101.0,104.77477477477481,80.7837837837838
syn_f003591-1-Pre,38.0,101.9029029029029,103.16616616616616,120.67167167167167,135.0,31.25825825825828,44.0,86.0,66.53253253253254,82.43343343343344,87.0,75.46846846846847
syn_f003593-1-Pre,54.18518518518516,119.0,129.29629629629628,132.0,137.81481481481484,37.0,47.888888888888886,100.0,91.0,104.0,100.22222222222223,80.0
syn_f003609-1-Pre,52.39039039039038,120.12812812812814,127.26526526526527,147.0,152.0,47.0,49.0,102.33133133133134,94.11311311311312,114.0,117.0,95.0
syn_f003609-2-Pre,54.26026026026025,124.0,125.26526526526527,145.0,153.0,47.0,50.0,103.33133133133134,92.0,115.0,118.0,96.0
syn_f003621-0-Pre,46.84884884884886,125.0,121.03803803803805,136.0,140.0,37.0,51.26126126126127,100.33633633633633,100.00300300300299,112.0,106.7117117117117,75.0
syn_f003623-1-Pre,48.56056056056056,136.24424424424424,129.0,141.0,145.0,41.0,51.0,108.0,101.0,109.0,114.84684684684686,81.0
syn_f003625-0-Pre,45.13013013013013,122.0,134.26526526526527,144.68068068068067,143.0,40.72772772772774,49.792792792792795,107.74474474474474,101.92192192192195,114.75975975975979,109.0,77.0
syn_f003629-2-Pre,48.99699699699701,111.0,121.0,133.71271271271274,133.28328328328325,36.0,50.144144144144136,89.0,83.56156156156155,91.0,90.0,70.0
syn_f003638-3-Pre,51.03003003003005,108.39939939939939,95.06906906906909,114.6186186186186,134.0,32.63163163163165,41.73573573573573,79.0,62.9149149149149,82.63563563563565,88.0,81.0
syn_f003648-1-Pre,53.20720720720722,97.23723723723722,119.71771771771773,133.0,137.0,37.0,45.0,73.69169169169169,75.0,84.09409409409409,87.0,68.0
syn_f003658-0-Pre,44.0,126.0,131.0,129.0,128.07007007007007,37.0,47.16216216216216,103.0,96.57657657657657,103.0,101.64864864864865,76.0
syn_f003659-2-Pre,46.191191191191194,118.019019019019,129.0,134.0,141.0,43.0,47.0,88.02402402402402,94.64264264264264,100.3303303303303,94.0,79.0
syn_f003672-3-Pre,52.36136136136139,120.7197197197197,123.23223223223223,132.01101101101102,151.0,38.657657657657666,53.45945945945945,94.0,85.85585585585588,102.0,100.0,83.0
syn_f003676-3-Pre,41.0,122.0,132.0,138.0,146.0,37.0,49.888888888888886,103.37037037037038,89.40740740740739,106.0,99.0,74.0
syn_f003691-0-Pre,40.0,97.0,108.0,121.45145145145142,124.69769769769772,27.0,42.83783783783784,83.84684684684686,75.0,84.92792792792795,85.64864864864865,66.0
syn_f003702-2-Pre,37.0,102.0,90.0,112.0,128.0,27.126126126126138,39.28228228228228,83.0,52.0,69.29829829829828,75.0,62.0
syn_f003738-1-Pre,48.17717717717716,136.0,128.01001001000998,144.0,147.95295295295296,42.0,49.087087087087085,117.0,89.0,106.0,103.09609609609606,80.58558558558559
syn_f003742-1-Pre,52.45345345345345,120.93093093093094,131.0,144.0,151.0,43.0,47.50750750750751,102.66866866866866,90.0,106.0,100.0,81.82882882882882
syn_f003745-1-Pre,58.378378378378386,99.43243243243239,125.0,136.0,139.0,32.0,48.0,86.0,86.0,93.57757757757759,85.75375375375376,71.0
syn_f003746-3-Pre,56.57157157157155,137.6176176176176,144.97397397397395,151.5935935935936,161.0,46.0,55.0,117.0,111.64264264264264,134.0,126.30630630630628,95.0
syn_f003749-1-Pre,40.0,109.0,109.0,122.05005005005012,130.0,32.0,45.0,79.44844844844843,71.99599599599603,86.50050050050052,87.0,64.3423423423423
syn_f003761-0-Pre,42.0,115.50150150150151,113.65465465465462,129.72672672672672,137.0,35.0,44.81381381381381,93.0,83.74374374374372,94.0,93.0,77.0
syn_f003768-0-Pre,45.0,114.0,121.0,134.0,142.0,35.71571571571573,42.49249249249249,95.0,88.0,98.0,93.0,76.82882882882882
syn_f003768-3-Pre,49.07507507507505,122.33233233233236,114.78178178178177,128.0,148.0,38.0,46.0,95.0,83.11311311311312,100.13913913913916,95.4744744744745,83.82882882882882
syn_f003774-3-Pre,134.02702702702695,114.22122122122124,129.0,141.86886886886884,156.0,41.0,49.0,93.0,100.96196196196195,111.0,98.0,83.0
syn_f003786-3-Pre,44.0,120.88888888888889,106.7777777777778,115.0,131.0,37.0,48.783783783783775,99.0,78.65765765765764,95.0,90.0,77.0
syn_f003795-1-Pre,53.60360360360356,133.0,132.8418418418418,139.0,135.0,42.76576576576579,50.0,116.0,100.01801801801804,114.0,107.0,74.0
syn_f003798-1-Pre,49.41641641641641,117.0,113.42442442442442,133.0,142.58958958958954,36.0,45.38738738738738,88.0,80.36336336336336,96.57957957957956,96.0,79.0
syn_f003802-1-Pre,52.31031031031034,124.0,143.04704704704704,154.0,156.87887887887888,41.0,50.94294294294295,105.0,107.32632632632632,119.20920920920923,114.00600600600598,90.0
syn_f003816-2-Pre,53.255255255255236,93.59659659659658,115.0,134.4194194194194,145.0,35.559559559559574,45.0,79.1161161161161,83.10610610610613,92.0,93.0,83.9279279279279
syn_f003819-1-Pre,45.716716716716704,110.0,109.2302302302302,123.0,131.83583583583584,34.0,47.0,93.0,84.0,95.0,89.48048048048048,71.0
syn_f003838-2-Pre,49.20620620620622,129.0,119.0,128.0,140.0,42.0,60.86186186186187,111.0,102.61461461461462,115.82682682682679,122.3303303303303,82.0
syn_f003849-2-Pre,58.63463463463462,122.0,114.0,124.6946946946947,131.34634634634637,34.94494494494495,44.11711711711712,90.0,79.0,94.0,89.0,72.0
syn_f003857-2-Pre,46.363363363363334,116.0,121.49049049049049,124.0,128.0,33.0,50.39039039039038,97.0,92.45145145145145,102.0,95.0,72.0
syn_f003860-1-Pre,49.5945945945946,134.0,137.13513513513516,145.0,149.0,41.0,53.0,105.0,104.0,115.0,114.77477477477481,86.7837837837838
syn_f003863-1-Pre,38.97097097097097,94.0,97.13313313313313,118.0,128.0,29.0,38.765765765765764,77.46246246246247,69.87087087087087,83.0,84.0,69.0
syn_f003868-1-Pre,57.48048048048048,122.39039039039034,130.10510510510517,142.0,145.0,41.655655655655664,51.01501501501501,100.995995995996,90.89289289289289,105.0,102.0,84.0
syn_f003874-2-Pre,53.29329329329329,134.73373373373371,133.62062062062063,138.46046046046047,151.0,43.0,53.207207207207205,113.0,102.92192192192195,117.75975975975979,116.49549549549545,87.0
syn_f003874-3-Pre,57.61661661661661,137.73373373373371,131.62062062062063,136.0,153.0,44.838838838838825,54.207207207207205,113.0,101.92192192192195,119.0,117.49549549549545,88.0
syn_f003875-3-Pre,55.00900900900899,134.0,128.36036036036037,135.0,139.0,44.0,55.0,102.13013013013014,92.98098098098097,114.0,117.15915915915917,81.0
syn_f003876-0-Pre,45.0,112.0,133.0,144.0,146.0,36.30630630630631,46.63663663663664,97.0,93.68268268268264,103.66766766766767,99.0,78.0
syn_f003880-3-Pre,58.04804804804809,128.05205205205203,137.0,142.0,154.0,40.0,48.55855855855856,101.0,101.2822822822823,113.0,106.0,86.0
syn_f003881-0-Pre,39.0,94.0,99.7137137137137,122.0,133.09109109109113,29.0,43.0,81.0,63.93293293293294,81.30830830830828,84.0,73.0
syn_f003884-2-Pre,47.0,141.0,133.4314314314314,149.0,155.0,46.0,58.78978978978979,129.3893893893894,115.0,133.7707707707708,137.0,88.0
syn_f003885-0-Pre,42.55055055055054,110.31131131131133,112.0,129.68268268268264,140.0,32.0,45.0,91.71671671671672,76.1721721721722,91.47847847847851,95.0,75.0
syn_f003888-1-Pre,59.7347347347347,133.32532532532534,134.58758758758756,134.0,133.67667667667672,39.0,55.0,118.0,107.87787787787789,118.0,110.3903903903904,78.0
syn_f003921-0-Pre,41.0,95.0,120.2372372372372,136.8138138138138,148.0,34.0,42.0,77.0,80.78978978978978,97.0,99.0,85.0
syn_f003957-2-Pre,42.537537537537546,116.50150150150151,94.0,109.0,127.0,31.0,47.03603603603602,82.0,59.72372372372371,73.53453453453449,75.47747747747746,67.0
syn_f003979-1-Pre,39.0,104.2902902902903,113.6166166166166,124.0,134.0,35.0,48.330330330330284,80.04904904904905,77.06206206206207,92.0,95.37537537537537,75.0
syn_f003984-2-Pre,39.61161161161162,119.40440440440437,119.49349349349353,137.3983983983984,156.0,35.0,42.18618618618619,93.0,80.0,100.98398398398399,103.0,82.0
syn_f003985-0-Pre,38.0,95.4874874874875,96.0,115.0,123.0,28.0,39.66666666666666,75.0,70.44444444444446,79.44444444444446,82.0,70.0
syn_f003989-1-Pre,47.717717717717704,105.29129129129132,122.75075075075074,135.0,139.0,36.0,46.0,85.1721721721722,78.0,90.0,90.0,75.72072072072075
syn_f003989-3-Pre,51.717717717717704,111.29129129129132,120.0,131.0,145.0,43.16416416416416,48.645645645645644,86.1721721721722,75.6056056056056,91.0,91.1951951951952,81.0
syn_f004009-0-Pre,53.55455455455456,112.24224224224224,117.0,130.0,138.0,32.0,46.54054054054055,95.0,90.0,99.0,94.83783783783781,76.0
syn_f004011-2-Pre,43.89289289289289,105.0,116.0,124.0,139.64464464464464,34.02902902902903,44.63963963963964,84.90390390390391,79.4294294294294,96.3213213213213,95.54954954954962,73.2162162162162
syn_f004011-3-Pre,45.78578578578578,107.0,114.97397397397395,122.0,142.35535535535536,35.0,45.36036036036036,84.0,77.85885885885881,97.3213213213213,95.77477477477481,76.0
syn_f004019-2-Pre,52.70570570570571,128.84784784784785,139.74874874874874,147.0,156.0,39.0,51.141141141141134,98.0,91.0,107.81581581581582,106.0,80.01801801801804
syn_f004057-0-Pre,41.0,109.0,114.35835835835837,124.0,121.0,32.0,44.0,91.0,87.0,94.0,94.0,64.27027027027032
syn_f004062-3-Pre,47.69769769769772,128.0,110.03803803803805,128.0,142.0,36.0,52.0,96.66366366366367,80.00300300300299,98.62462462462463,102.0,73.0
syn_f004065-3-Pre,44.41841841841841,117.0,106.0,117.4194194194194,130.0,30.0,45.01501501501501,84.995995995996,76.78578578578578,90.0,79.94894894894895,68.0
syn_f004076-2-Pre,49.0,132.1071071071071,139.68268268268267,142.0,148.78278278278276,45.0,53.225225225225245,126.0,114.36336336336336,132.0,126.11711711711712,86.0
syn_f004089-3-Pre,56.38738738738736,121.0,113.65465465465462,130.0,148.0,36.94494494494495,49.663663663663655,98.35635635635634,66.53253253253254,89.0,90.0,76.0
syn_f004094-3-Pre,230.84384384384447,108.45345345345345,121.42642642642645,135.73573573573577,151.0,44.0,49.258258258258266,90.20220220220219,86.09109109109107,103.0,95.0,81.0
syn_f004114-0-Pre,43.0,116.0,109.0,133.17617617617617,139.7277277277277,36.0,45.78978978978979,98.0,88.16616616616614,99.77077077077081,98.0,77.4144144144143
syn_f004138-0-Pre,47.32732732732734,105.0,123.42642642642645,137.0,141.59159159159157,39.0,43.55855855855856,88.38438438438439,80.2822822822823,91.71471471471472,92.09909909909913,76.86486486486484
syn_f004147-3-Pre,51.6226226226226,120.10710710710711,117.68268268268267,131.0,147.43443443443448,38.0,50.38738738738738,97.0,80.36336336336336,103.57957957957956,105.0,84.0
syn_f004158-2-Pre,50.06906906906907,136.23723723723722,137.0,135.82282282282284,151.0,38.0,53.0,107.0,98.0,114.0,112.57957957957962,84.0
syn_f004179-2-Pre,44.45545545545545,105.89689689689692,126.0,132.0,143.0,44.0,47.94594594594595,88.0,76.0,92.0,91.2162162162162,74.0
syn_f004183-1-Pre,57.667667667667644,107.65065065065068,118.0,134.79079079079077,132.0,36.0,46.141141141141134,85.94194194194199,95.0,99.18418418418418,88.87987987987992,69.0
syn_f004184-2-Pre,64.86486486486484,112.0,119.45945945945942,131.40540540540542,143.0810810810811,40.0,48.24324324324324,80.86486486486487,85.13513513513513,94.0,94.02702702702703,79.0
syn_f004190-0-Pre,38.64364364364363,98.58758758758762,94.4274274274274,108.0,112.0,28.0,40.0,65.0,67.27527527527528,78.59059059059058,82.0930930930931,62.0
syn_f004197-0-Pre,46.78778778778778,113.0,119.0,131.0,135.0,35.0,48.0,97.0,84.0,94.11911911911909,98.0,79.47747747747746
syn_f004200-0-Pre,44.0,123.9069069069069,126.2942942942943,143.0,152.0,41.0,54.71471471471472,113.0,102.7017017017017,115.28728728728726,117.0,89.50450450450455
syn_f004200-1-Pre,44.0,126.0,123.7137137137137,141.0,152.0,42.0,55.71471471471472,113.0,100.0,116.28728728728726,118.96996996997001,89.50450450450455
syn_f004204-0-Pre,42.0,103.0,113.2942942942943,132.05705705705708,140.0,32.0,44.615615615615624,75.16916916916918,70.27527527527528,86.40940940940942,89.9069069069069,79.0
syn_f004215-2-Pre,44.0,124.0,113.27027027027032,134.0,153.0,39.0,46.66066066066065,103.0,82.62062062062063,98.42242242242241,107.0,85.93693693693695
syn_f004223-3-Pre,68.0610610610611,104.69869869869868,114.0,121.0,132.0,32.0,46.58558558558559,81.0,79.51051051051053,91.0,80.99099099099101,69.0
syn_f004231-1-Pre,48.0,116.0,124.58758758758756,137.0,147.0,35.0,51.7087087087087,100.67767767767765,95.0,110.26526526526527,110.3903903903904,79.0
syn_f004247-2-Pre,40.99099099099098,90.57357357357358,82.03903903903904,102.0,121.0,23.0,37.0,57.0,41.0,52.54554554554554,64.68768768768768,58.0
syn_f004257-1-Pre,45.0,120.0,122.78278278278276,131.0,134.84184184184187,36.0,52.129129129129126,95.8838838838839,94.10610610610613,104.73673673673676,104.0,73.0
syn_f004264-1-Pre,41.0,110.0,106.8088088088088,125.0,135.80280280280283,40.0,48.09609609609613,98.0,80.0,93.80380380380379,99.65465465465468,86.0
syn_f004266-2-Pre,51.21921921921921,122.80780780780782,115.0,125.0,139.0,37.0,46.3123123123123,93.0,85.1721721721722,101.0,94.13813813813812,78.72072072072075
syn_f004271-1-Pre,47.88888888888887,115.81481481481484,132.29629629629628,138.0,141.0,38.0,49.41141141141141,106.0,95.59859859859861,109.0,99.20120120120117,78.0
syn_f004286-0-Pre,42.0,124.98398398398399,127.0,135.0,136.0,34.0,49.26726726726727,102.0,100.82682682682682,110.0,98.29129129129132,74.30630630630628
syn_f004288-3-Pre,344.8358358358357,115.73373373373371,133.0,145.0,155.0,49.790790790790794,51.0,90.0,101.0,106.54354354354354,98.55855855855856,90.0
syn_f004309-3-Pre,48.07507507507505,101.33233233233236,109.56356356356355,118.51551551551552,136.0,35.0,44.64264264264264,77.0760760760761,69.03503503503498,88.0,89.0,79.0
syn_f004327-0-Pre,45.0,116.80780780780782,111.20420420420419,129.97897897897894,136.0,34.63163163163165,48.3123123123123,93.0,87.0,93.0,96.0,78.27927927927925
syn_f004329-3-Pre,50.04504504504507,127.79879879879877,111.0,128.0,143.24924924924926,45.0,54.69369369369369,107.0,86.10610610610613,109.0,112.0,86.0
syn_f004348-3-Pre,47.900900900900865,123.99099099099101,111.03603603603602,124.0,136.0,36.0,60.615615615615624,101.0,84.27527527527528,102.59059059059058,102.0,79.0
syn_f004350-1-Pre,43.0,139.0,122.42442442442442,138.0,145.0,43.0,61.05105105105105,113.59659659659661,103.0,115.0,119.0,86.0
syn_f004354-2-Pre,45.0,118.0,124.0,131.0,140.0,38.0,54.54354354354355,96.27827827827826,81.94394394394396,97.00700700700702,96.04804804804803,82.0
syn_f004360-0-Pre,46.0,132.0,130.0,134.0,138.0,39.077077077077064,54.258258258258266,117.20220220220219,104.0,119.0,117.92192192192192,82.0
syn_f004367-0-Pre,44.04204204204204,114.31831831831832,121.0,129.0,130.1021021021021,33.0890890890891,46.63963963963964,96.90390390390391,84.4294294294294,91.3213213213213,91.77477477477481,75.0
syn_f004369-1-Pre,40.0,105.49449449449452,97.0,118.00200200200197,133.0,31.0,43.0,80.0,60.0,77.0,81.60360360360363,76.0
syn_f004374-0-Pre,44.0,116.0,124.3733733733734,133.0,136.0,36.0,42.0,85.0,81.62762762762759,88.45345345345345,90.0,74.83783783783787
syn_f004384-3-Pre,59.866866866866815,116.997997997998,121.0,129.0,147.0,39.30630630630631,48.0,87.52952952952953,83.9149149149149,104.0,101.0,84.0
syn_f004394-0-Pre,47.29629629629629,112.0,126.29629629629628,134.0,147.0,38.0,49.32132132132131,98.0,90.62062062062063,107.42242242242241,108.0,87.0
syn_f004411-3-Pre,50.41441441441441,103.61561561561564,93.1021021021021,103.0,118.0,31.0,44.0,72.0,65.0,79.68068068068067,80.0,69.0
syn_f004429-2-Pre,44.89289289289289,104.61761761761761,110.0,123.5935935935936,137.0,36.0,43.0,86.78378378378378,71.21621621621622,92.0,95.0,82.51351351351349
syn_f004430-1-Pre,322.7147147147147,118.7057057057057,138.84384384384387,142.0,143.0,39.0,47.53753753753753,102.0,101.76776776776774,108.0,94.62762762762765,77.0
syn_f004431-3-Pre,40.313313313313316,109.8008008008008,94.0,116.0,139.0,31.956956956956958,41.0,78.0,61.829829829829805,83.0,85.0,74.0
syn_f004433-3-Pre,65.63963963963965,125.6036036036036,139.0,141.14414414414415,156.0,45.0,55.0,104.47647647647648,106.74574574574572,127.78178178178177,126.07507507507512,90.0
syn_f004436-1-Pre,52.87587587587588,130.0,143.36236236236238,154.0,160.79379379379378,47.0,51.207207207207205,114.0,100.92192192192195,120.0,121.0,90.0
syn_f004447-1-Pre,50.74374374374375,134.0,138.55455455455456,151.0,158.0,43.0,52.0,117.0,101.4294294294294,118.3213213213213,114.77477477477481,89.7837837837838
syn_f004469-0-Pre,41.0,109.0,110.27027027027032,127.0,138.0,32.0,45.0,87.0,80.0,92.0,90.20120120120117,75.0
syn_f004475-3-Pre,66.23723723723718,114.00300300300302,119.32732732732731,131.0,142.0,35.0,46.336336336336345,84.35635635635634,86.0,92.0,81.54354354354354,70.53153153153153
syn_f004498-1-Pre,49.99699699699701,123.0,140.0,152.0,151.0,37.209209209209206,47.744744744744736,100.93193193193193,93.17917917917916,106.0,99.13213213213214,75.18018018018017
syn_f004511-2-Pre,239.8378378378378,95.22122122122124,108.55955955955955,118.0,135.0,37.0,44.0,83.54354354354356,79.78978978978978,89.27627627627623,87.0,76.0
syn_f004520-1-Pre,50.821821821821814,127.79379379379381,121.0,123.0,123.0,36.0,52.0,101.0,91.0,101.0,95.9279279279279,74.0
syn_f004522-2-Pre,46.38238238238239,123.0,122.81281281281284,138.53853853853855,153.0,45.0,48.24024024024024,105.0,92.09409409409409,113.0,111.81681681681681,90.0
syn_f004526-3-Pre,47.113113113113116,113.14214214214215,112.0,131.1301301301301,152.0,39.0,48.95495495495494,77.0,67.97597597597598,87.0,91.15315315315314,73.0
syn_f004537-0-Pre,41.0,103.0,115.6186186186186,128.0,138.0,30.0,42.56156156156156,78.5005005005005,80.0,84.72572572572574,87.3093093093093,70.39639639639637
syn_f004541-2-Pre,46.0,135.0,110.35035035035034,123.0,128.7067067067067,39.0,56.52852852852854,117.47047047047047,104.0,104.63563563563565,114.0,79.0
syn_f004545-1-Pre,51.026026026026045,127.4064064064064,118.0,128.0,131.0,35.0,53.063063063063055,103.0,89.15015015015015,101.23123123123122,97.0,77.0
syn_f004562-1-Pre,47.17217217217217,117.0,132.32932932932934,139.0,146.3043043043043,38.0,51.009009009009006,102.0,95.0,112.36636636636638,116.6306306306306,91.0
syn_f004563-3-Pre,42.0,113.00500500500502,107.0,119.0,132.58958958958954,32.0,47.0,82.88988988988987,73.10910910910911,85.0,87.0,69.0
syn_f004568-3-Pre,64.54954954954957,121.0,135.5855855855856,138.0,149.0,40.0,51.087087087087085,91.0,91.55455455455456,105.0,97.09609609609606,80.0
syn_f004569-0-Pre,47.0,139.0,129.0,144.91091091091096,144.0,42.0,53.288288288288285,126.0,109.08208208208208,120.0,119.0,89.00900900900899
syn_f004570-1-Pre,42.35735735735736,115.0,123.0,143.0,145.0,35.0,47.936936936936945,89.18318318318316,89.0,100.76876876876878,100.58558558558559,78.0
syn_f004581-2-Pre,70.84084084084088,147.0,148.0,160.0,167.0,53.0,61.94894894894895,131.0,113.50250250250252,135.0,131.42642642642642,96.0
syn_f004589-3-Pre,48.22322322322324,131.2022022022022,106.74674674674677,114.0,123.0,33.0,53.81381381381381,94.0,76.12812812812814,91.0,89.0,65.0
syn_f004594-2-Pre,39.0,107.0,103.0,116.95595595595597,136.93193193193196,27.0,50.0,83.3173173173173,74.0,90.0,91.0,72.0
syn_f004599-0-Pre,39.0,108.41341341341342,118.0,134.0,138.0,33.378378378378386,45.0,81.37037037037038,80.40740740740739,98.0,91.22222222222223,70.0
syn_f004601-2-Pre,46.0,122.30430430430431,120.01001001000998,141.0,160.0,42.0,51.62762762762762,102.0,73.25625625625628,100.98398398398399,106.0,94.0
syn_f004608-1-Pre,44.4874874874875,100.9169169169169,111.10910910910911,135.0,152.0,36.0,39.0,75.1971971971972,61.05005005005006,80.12812812812814,87.0,79.0
syn_f004610-1-Pre,49.961961961961975,114.0,123.0,134.0,140.0,38.0,48.258258258258266,88.59559559559563,93.18218218218215,106.0,96.84384384384384,75.0
syn_f004641-0-Pre,52.41941941941943,121.0,128.33133133133134,144.04004004004003,158.48548548548547,46.0,50.0,94.0,98.02002002002007,112.0,109.0,79.0
syn_f004644-3-Pre,44.032032032032035,125.0,119.36136136136139,133.0,142.0,43.0,56.900900900900936,98.0,89.63563563563562,111.0,111.31231231231232,79.0
syn_f004653-0-Pre,46.23523523523524,127.0,131.74874874874874,146.0,151.0,41.0,50.858858858858866,109.0,98.0,110.0,109.0,86.0
syn_f004661-3-Pre,55.73273273273276,151.0,148.52352352352352,151.0,161.0,49.0,53.0,122.0,120.51751751751749,141.0,135.0,94.25225225225228
syn_f004670-2-Pre,45.44544544544544,105.51551551551555,105.4314314314314,127.35235235235234,137.0,31.0,43.81081081081081,74.78378378378378,65.21621621621622,88.0,89.24324324324323,75.0
syn_f004696-3-Pre,47.489489489489486,118.0,111.30330330330332,130.0,146.0,38.0,47.0,90.0,74.0,92.0,93.79579579579575,77.3693693693694
syn_f004701-0-Pre,43.34034034034035,115.7197197197197,123.0,132.0,135.0,34.0,48.90990990990991,96.0,88.0,96.0,95.0,77.0
syn_f004723-2-Pre,46.646646646646644,102.73373373373371,108.62062062062063,122.92092092092093,138.0,33.0,48.0,85.15815815815816,77.0,93.34134134134132,90.0,74.52252252252254
syn_f004732-1-Pre,52.605605605605604,115.61061061061062,120.77977977977977,136.0,145.0,37.0,48.13813813813813,99.0,86.38538538538538,105.82682682682679,101.6696696696697,80.0
syn_f004739-1-Pre,42.29629629629629,101.0,111.59259259259255,125.0,132.0,30.0,43.0,80.0,72.8118118118118,83.0,84.73273273273276,71.0
syn_f004753-3-Pre,67.48048048048048,118.39039039039034,129.0,130.0,144.0,41.0,49.86486486486487,96.0,97.29729729729729,114.83783783783784,111.0,86.9189189189189
syn_f004783-2-Pre,43.8048048048048,103.61561561561564,101.0,118.97897897897894,134.0,30.0,43.61261261261262,73.0,60.0,79.0,83.0,74.0
syn_f004787-1-Pre,47.17717717717716,113.60860860860862,123.0,129.61661661661662,129.0,33.0,48.0,95.0,92.06306306306305,99.0,92.10810810810813,68.0
syn_f004798-0-Pre,43.41641641641641,96.0,117.42442442442442,135.0,137.0,29.655655655655664,42.0,80.0,82.74574574574572,92.21821821821823,88.0,69.0
syn_f004802-1-Pre,47.25225225225225,130.0,138.72072072072075,146.0,152.0,46.0,54.0,116.0,111.0,126.82682682682679,130.0,92.54954954954957
syn_f004810-1-Pre,51.67367367367365,102.59659659659658,122.78278278278276,139.0,149.0,33.0,45.01501501501501,82.995995995996,82.89289289289289,95.38838838838839,92.0,76.65765765765764
syn_f004813-0-Pre,46.0,117.32532532532534,126.17517517517513,138.0,147.0,38.378378378378386,48.0,96.970970970971,90.47347347347346,104.81581581581582,107.0,85.01801801801804
syn_f004844-2-Pre,57.991991991991995,108.0,115.45745745745745,124.75875875875874,138.0,33.0,47.26126126126127,82.32732732732734,79.00300300300299,94.0,92.7117117117117,72.24324324324323
syn_f004848-0-Pre,46.0,120.43443443443442,127.0,140.0,151.0,39.0,46.0,106.86486486486487,101.0,110.89189189189187,116.0,89.0
syn_f004857-1-Pre,49.4834834834835,112.58258258258257,119.0,130.9399399399399,138.0,33.93293293293294,51.735735735735744,98.0,87.0,101.84884884884883,98.0,76.0
syn_f004861-1-Pre,39.47947947947948,92.4874874874875,96.93893893893892,118.27727727727728,129.0,27.0,42.0,72.80880880880883,66.0,80.0,80.0,69.1531531531532
syn_f004871-0-Pre,46.672672672672675,136.0,139.5885885885886,156.0,151.0,45.0,56.86486486486487,120.0,119.0,125.83783783783784,126.0,93.0
syn_f004872-0-Pre,44.168168168168165,87.0,110.0,126.06606606606607,131.1021021021021,30.0,47.0,68.3943943943944,68.0,80.87187187187186,83.26426426426428,66.36036036036035
syn_f004873-3-Pre,69.29729729729732,106.0,114.0,123.32432432432438,137.0,52.0,50.0,91.94594594594594,79.10810810810813,91.0,83.0,70.0
